{"stats":{"minecraft:mined":{"minecraft:crafting_table":1,"minecraft:torch":1,"minecraft:allium":1,"minecraft:grass_block":191,"minecraft:poppy":1,"minecraft:chest":1,"minecraft:cobblestone":1,"minecraft:wall_torch":2,"minecraft:hay_block":36,"minecraft:birch_log":6,"minecraft:iron_ore":6,"minecraft:wheat":4,"minecraft:birch_leaves":1,"minecraft:grass":8,"chococraft:gysahl_green":4,"minecraft:oak_log":6,"minecraft:dirt_path":3,"minecraft:dirt":99,"minecraft:stone":62,"minecraft:oak_leaves":4,"minecraft:orange_bed":5},"minecraft:picked_up":{"minecraft:birch_log":4,"minecraft:iron_chestplate":1,"minecraft:allium":1,"chococraft:loverly_gysahl_green":1,"minecraft:crafting_table":1,"minecraft:wheat":2,"minecraft:leather_chestplate":1,"minecraft:leather_leggings":1,"minecraft:golden_shovel":1,"minecraft:oak_log":6,"minecraft:golden_sword":1,"minecraft:dirt":287,"minecraft:flint_and_steel":1,"ringsofascension:ring_fire_resistance":1,"chococraft:gysahl_green":12,"minecraft:wheat_seeds":12,"minecraft:iron_nugget":16,"minecraft:poppy":1,"minecraft:chest":1,"minecraft:iron_boots":1,"minecraft:stick":2,"minecraft:raw_iron":6,"minecraft:torch":3,"minecraft:fire_charge":1,"chococraft:gysahl_green_seeds":4,"minecraft:leather_helmet":1,"minecraft:orange_bed":5,"minecraft:hay_block":33,"minecraft:iron_helmet":1,"minecraft:glistering_melon_slice":10,"minecraft:cobblestone":63},"minecraft:broken":{"minecraft:golden_shovel":1,"minecraft:stone_shovel":1},"minecraft:custom":{"minecraft:interact_with_crafting_table":7,"minecraft:bell_ring":1,"minecraft:leave_game":1,"minecraft:time_since_death":68893,"minecraft:sleep_in_bed":6,"minecraft:time_since_rest":4803,"minecraft:sprint_one_cm":392182,"minecraft:damage_taken":560,"minecraft:walk_one_cm":138957,"minecraft:drop":3,"minecraft:damage_dealt":18,"minecraft:swim_one_cm":62231,"minecraft:fly_one_cm":178143,"minecraft:open_chest":6,"minecraft:crouch_one_cm":32751,"minecraft:play_time":68893,"minecraft:sneak_time":7791,"minecraft:walk_under_water_one_cm":3717,"minecraft:interact_with_brewingstand":1,"minecraft:jump":1024,"minecraft:walk_on_water_one_cm":8942,"minecraft:total_world_time":68893,"minecraft:interact_with_smoker":1,"minecraft:fall_one_cm":30343},"minecraft:used":{"minecraft:stone_shovel":134,"minecraft:stone_pickaxe":36,"minecraft:oak_planks":4,"minecraft:wooden_pickaxe":33,"minecraft:orange_bed":5,"minecraft:torch":3,"minecraft:dirt":223,"minecraft:crafting_table":2,"minecraft:golden_shovel":32,"minecraft:wooden_axe":2,"chococraft:gysahl_green_seeds":4,"minecraft:bread":23,"minecraft:leather_helmet":1,"minecraft:cobblestone":3,"chococraft:gysahl_green":12},"minecraft:crafted":{"minecraft:oak_planks":24,"minecraft:stone_shovel":1,"minecraft:crafting_table":1,"minecraft:wooden_pickaxe":1,"minecraft:bread":24,"minecraft:stick":8,"minecraft:stone_pickaxe":1,"minecraft:wooden_axe":2,"minecraft:wheat":243},"minecraft:dropped":{"chococraft:loverly_gysahl_green":1,"patchouli:guide_book":1,"mca:book_romance":1}},"DataVersion":3465}