{"stats":{"minecraft:killed":{"born_in_chaos_v1:corpse_fish":2},"minecraft:mined":{"minecraft:crafting_table":3,"minecraft:torch":2,"minecraft:allium":1,"minecraft:grass_block":476,"minecraft:poppy":1,"minecraft:chest":1,"minecraft:cobblestone":2,"minecraft:oak_planks":6,"minecraft:wall_torch":2,"minecraft:hay_block":36,"minecraft:birch_log":7,"minecraft:iron_ore":6,"minecraft:wheat":4,"minecraft:birch_leaves":2,"minecraft:grass":18,"chococraft:gysahl_green":4,"minecraft:coal_ore":74,"minecraft:oak_log":7,"minecraft:dirt_path":35,"minecraft:sand":18,"minecraft:dirt":457,"minecraft:stone":107,"minecraft:oak_leaves":10,"minecraft:orange_bed":6},"minecraft:dropped":{"chococraft:loverly_gysahl_green":1,"minecraft:rotten_flesh":1,"patchouli:guide_book":1,"minecraft:dirt":2,"mca:book_romance":1},"minecraft:crafted":{"minecraft:oak_planks":152,"minecraft:stone_shovel":3,"simplytools:stone_excavator":2,"minecraft:crafting_table":2,"minecraft:wooden_pickaxe":1,"minecraft:furnace":1,"minecraft:stone":43,"minecraft:bucket":1,"minecraft:bread":39,"minecraft:charcoal":16,"minecraft:stick":20,"minecraft:iron_ingot":6,"minecraft:iron_pickaxe":1,"minecraft:stone_pickaxe":1,"minecraft:wooden_axe":2,"minecraft:chest":2,"simplytools:stone_excavator_head":2,"minecraft:torch":4,"minecraft:wheat":243},"minecraft:used":{"minecraft:water_bucket":3,"minecraft:stone_shovel":405,"minecraft:stone_pickaxe":130,"minecraft:oak_planks":12,"minecraft:chest":3,"minecraft:wooden_pickaxe":59,"minecraft:orange_bed":5,"minecraft:torch":7,"minecraft:dirt":919,"minecraft:crafting_table":4,"minecraft:acacia_sapling":5,"minecraft:golden_shovel":32,"minecraft:wooden_axe":27,"chococraft:gysahl_green_seeds":4,"minecraft:birch_sapling":2,"minecraft:bread":36,"minecraft:leather_helmet":1,"minecraft:cobblestone":3,"minecraft:oak_sapling":2,"minecraft:furnace":1,"simplytools:stone_excavator":390,"minecraft:bucket":4,"chococraft:gysahl_green":15,"minecraft:egg":1,"minecraft:bone_meal":2},"minecraft:picked_up":{"minecraft:nautilus_shell":1,"minecraft:birch_log":26,"minecraft:leather_chestplate":1,"minecraft:iron_chestplate":1,"minecraft:crafting_table":3,"chococraft:loverly_gysahl_green":1,"minecraft:wheat":2,"minecraft:allium":1,"minecraft:leather_leggings":1,"minecraft:golden_shovel":1,"minecraft:oak_log":38,"minecraft:golden_sword":1,"minecraft:dirt":921,"minecraft:flint_and_steel":1,"ringsofascension:ring_fire_resistance":1,"chococraft:gysahl_green":15,"minecraft:wheat_seeds":15,"minecraft:poppy":1,"minecraft:iron_nugget":16,"minecraft:acacia_sapling":5,"minecraft:birch_sapling":2,"minecraft:chest":1,"minecraft:oak_planks":6,"minecraft:iron_boots":1,"minecraft:egg":1,"minecraft:stick":7,"minecraft:raw_iron":6,"minecraft:acacia_log":10,"minecraft:torch":4,"minecraft:fire_charge":1,"minecraft:sand":18,"chococraft:gysahl_green_seeds":7,"minecraft:leather_helmet":1,"minecraft:orange_bed":6,"minecraft:rotten_flesh":2,"minecraft:iron_helmet":1,"minecraft:hay_block":33,"minecraft:bone_meal":5,"minecraft:glistering_melon_slice":10,"born_in_chaos_v1:rotten_fish":8,"minecraft:oak_sapling":4,"minecraft:coal":73,"minecraft:cobblestone":107},"minecraft:custom":{"minecraft:interact_with_furnace":10,"minecraft:mob_kills":2,"minecraft:interact_with_crafting_table":20,"minecraft:bell_ring":1,"minecraft:leave_game":2,"minecraft:time_since_death":168578,"minecraft:sleep_in_bed":14,"minecraft:climb_one_cm":624,"minecraft:time_since_rest":15587,"minecraft:sprint_one_cm":588294,"minecraft:damage_taken":876,"minecraft:walk_one_cm":272902,"minecraft:drop":6,"minecraft:damage_dealt":258,"minecraft:talked_to_villager":3,"minecraft:swim_one_cm":108940,"minecraft:fly_one_cm":277500,"minecraft:open_chest":24,"minecraft:crouch_one_cm":104616,"minecraft:play_time":168578,"minecraft:sneak_time":21435,"minecraft:walk_under_water_one_cm":12480,"minecraft:jump":1647,"minecraft:interact_with_brewingstand":1,"minecraft:walk_on_water_one_cm":13361,"minecraft:interact_with_smoker":1,"minecraft:total_world_time":168578,"minecraft:fall_one_cm":37747},"minecraft:broken":{"minecraft:wooden_axe":1,"minecraft:golden_shovel":1,"minecraft:stone_shovel":3,"minecraft:wooden_pickaxe":1}},"DataVersion":3465}