{"stats":{"minecraft:mined":{"minecraft:dark_oak_leaves":14,"botania:red_mystical_flower":16,"minecraft:dark_oak_log":1,"minecraft:brewing_stand":1,"minecraft:granite":8,"minecraft:grass_block":21,"botania:cyan_double_flower":1,"minecraft:hay_block":22,"minecraft:magma_block":11,"botania:purple_mystical_flower":1,"minecraft:furnace":3,"minecraft:carrots":1,"minecraft:iron_ore":19,"botania:lime_double_flower":1,"minecraft:andesite":1,"minecraft:pumpkin":20,"minecraft:azure_bluet":2,"minecraft:potatoes":3,"minecraft:vine":11,"chococraft:gysahl_green":64,"minecraft:dirt_path":2,"iceandfire:gold_pile":44,"botania:brown_mystical_flower":12,"minecraft:stone":73,"botania:green_mystical_flower":5,"botania:lime_mystical_flower":3,"minecraft:smoker":6,"minecraft:dandelion":8,"minecraft:cornflower":1,"minecraft:crafting_table":14,"minecraft:torch":3,"minecraft:dark_oak_wood":5,"minecraft:poppy":2,"minecraft:chest":12,"minecraft:tall_grass":19,"botania:blue_mystical_flower":3,"minecraft:oak_planks":3,"minecraft:sugar_cane":20,"minecraft:diorite":2,"minecraft:seagrass":1,"botania:cyan_mystical_flower":1,"botania:red_double_flower":2,"minecraft:wheat":11,"minecraft:gray_bed":12,"born_in_chaos_v1:river_mint":2,"minecraft:grass":153,"minecraft:coal_ore":56,"minecraft:oak_log":10,"minecraft:beetroots":1,"minecraft:gravel":2,"minecraft:dirt":9,"minecraft:oak_leaves":53,"minecraft:netherrack":1,"minecraft:fern":21},"minecraft:picked_up":{"minecraft:charcoal":2,"iceandfire:dragon_skull_lightning":5,"chococraft:loverly_gysahl_green":7,"minecraft:seagrass":23,"minecraft:crafting_table":14,"minecraft:wheat":13,"minecraft:azure_bluet":2,"minecraft:chicken":2,"iceandfire:witherbone":10,"born_in_chaos_v1:river_mint":2,"born_in_chaos_v1:seedof_chaos":6,"born_in_chaos_v1:serpumpkinhead_m":2,"minecraft:wooden_pickaxe":1,"minecraft:enchanted_book":1,"minecraft:chain":1,"minecraft:brewing_stand":1,"minecraft:cornflower":1,"iceandfire:manuscript":14,"minecraft:string":10,"minecraft:iron_axe":1,"minecraft:beetroot":1,"minecraft:gold_nugget":410,"minecraft:beef":76,"immersive_armors:wooden_leggings":1,"born_in_chaos_v1:gnawed_bones":1,"minecraft:poppy":2,"minecraft:light_gray_wool":2,"minecraft:sugar_cane":38,"minecraft:chest":12,"minecraft:furnace":4,"minecraft:egg":8,"minecraft:raw_iron":19,"minecraft:stick":26,"iceandfire:dragonbone":61,"minecraft:stone":3,"born_in_chaos_v1:shattered_skull":1,"botania:cyan_double_flower":1,"minecraft:torch":38,"minecraft:carrot":1,"tombstone:grave_dust":1,"minecraft:diorite":2,"born_in_chaos_v1:pieceofdarkmetal":8,"minecraft:golden_chestplate":1,"immersive_armors:wooden_helmet":1,"minecraft:arrow":15,"iceandfire:cyclops_eye":1,"minecraft:rotten_flesh":26,"botania:lime_mystical_flower":1,"minecraft:tropical_fish":1,"minecraft:beetroot_seeds":3,"minecraft:shears":1,"minecraft:hay_block":22,"born_in_chaos_v1:spiny_shell":3,"tombstone:essence_of_undeath":3,"minecraft:mutton":83,"minecraft:white_wool":48,"minecraft:cobblestone":150,"born_in_chaos_v1:fused_bone":4,"born_in_chaos_v1:corpse_maggot":17,"minecraft:magma_block":10,"minecraft:feather":17,"minecraft:cooked_beef":2,"born_in_chaos_v1:monster_flesh":3,"born_in_chaos_v1:pumpkin_staff":1,"minecraft:glow_ink_sac":2,"minecraft:jungle_log":1,"minecraft:andesite":1,"minecraft:brown_wool":1,"minecraft:leather":62,"minecraft:smoker":6,"minecraft:potato":4,"minecraft:oak_log":121,"botania:flower_bag":1,"minecraft:gunpowder":7,"mca:book_romance":1,"minecraft:dirt":38,"born_in_chaos_v1:monster_skin":1,"minecraft:bone":42,"chococraft:gysahl_green":179,"born_in_chaos_v1:soul_cutlass":1,"botania:cyan_mystical_flower":1,"minecraft:apple":11,"chococraft:gold_gysahl":3,"minecraft:kelp":1,"minecraft:bow":1,"minecraft:wheat_seeds":60,"minecraft:iron_ingot":1,"minecraft:cooked_chicken":16,"minecraft:cobweb":5,"minecraft:gray_bed":13,"minecraft:oak_planks":2,"minecraft:oak_slab":13,"minecraft:pumpkin":20,"patchouli:guide_book":2,"born_in_chaos_v1:ethereal_spirit":1,"minecraft:dandelion":8,"minecraft:gravel":2,"chococraft:gysahl_green_seeds":64,"minecraft:dark_oak_log":3,"minecraft:ink_sac":1,"minecraft:grass_block":1,"minecraft:spider_eye":4,"minecraft:bundle":1,"minecraft:sugar":2,"immersive_armors:wooden_chestplate":1,"minecraft:dark_oak_wood":5,"minecraft:black_wool":1,"minecraft:granite":8,"minecraft:bone_meal":3,"minecraft:gray_wool":7,"tombstone:magic_scroll":2,"minecraft:oak_sapling":23,"born_in_chaos_v1:rotten_fish":2,"immersive_armors:wooden_boots":1,"minecraft:netherrack":1,"botania:brown_mystical_flower":5,"minecraft:coal":139,"minecraft:ender_pearl":1},"minecraft:killed":{"born_in_chaos_v1:mr_pumpkin":2,"mca:male_zombie_villager":1,"minecraft:witch":1,"born_in_chaos_v1:restless_spirit":1,"born_in_chaos_v1:zombie_lumberjack":1,"born_in_chaos_v1:skeleton_demoman":1,"born_in_chaos_v1:sir_the_headless":1,"minecraft:spider":7,"born_in_chaos_v1:thornshell_crab":1,"born_in_chaos_v1:siamese_skeletonsright":2,"born_in_chaos_v1:zombie_bruiser":1,"born_in_chaos_v1:baby_skeleton_minion":2,"born_in_chaos_v1:maggot":5,"born_in_chaos_v1:pumpkinhead":1,"minecraft:skeleton":10,"minecraft:chicken":1,"born_in_chaos_v1:skeleton_thrasher":1,"born_in_chaos_v1:corpse_fish":3,"minecraft:turtle":8,"born_in_chaos_v1:barrel_zombie":1,"born_in_chaos_v1:fallen_chaos_knight":1,"born_in_chaos_v1:bonescaller":1,"iceandfire:cyclops":1,"born_in_chaos_v1:baby_skeleton":1,"majruszsdifficulty:cursed_armor":1,"minecraft:creeper":5,"iceandfire:cockatrice":4,"minecraft:sheep":17,"born_in_chaos_v1:bloody_gadfly":1,"minecraft:zombie":11,"iceandfire:ghost":2,"born_in_chaos_v1:dread_hound":4,"born_in_chaos_v1:corpse_fly":7,"minecraft:cow":23,"born_in_chaos_v1:siamese_skeletonsleft":2,"minecraft:enderman":2},"minecraft:broken":{"immersive_armors:wooden_chestplate":1,"immersive_armors:wooden_leggings":1,"immersive_armors:wooden_boots":1,"minecraft:stone_pickaxe":1,"immersive_armors:wooden_helmet":1,"minecraft:iron_axe":1,"minecraft:stone_axe":2,"minecraft:bow":1},"minecraft:custom":{"minecraft:mob_kills":137,"minecraft:animals_bred":5,"minecraft:interact_with_crafting_table":37,"minecraft:damage_dealt_resisted":338,"minecraft:leave_game":2,"minecraft:time_since_death":47514,"minecraft:climb_one_cm":2279,"minecraft:walk_one_cm":229710,"minecraft:sprint_one_cm":435667,"minecraft:drop":26,"minecraft:play_time":131556,"minecraft:sneak_time":1141,"minecraft:deaths":19,"minecraft:walk_under_water_one_cm":15824,"minecraft:interact_with_brewingstand":2,"minecraft:jump":3761,"minecraft:walk_on_water_one_cm":24387,"minecraft:total_world_time":131556,"minecraft:interact_with_furnace":28,"tombstone:raider_killed":1,"minecraft:interact_with_stonecutter":2,"minecraft:sleep_in_bed":6,"minecraft:time_since_rest":4750,"minecraft:damage_taken":11001,"minecraft:trigger_trapped_chest":2,"minecraft:damage_dealt":25349,"minecraft:swim_one_cm":35923,"minecraft:fly_one_cm":760188,"minecraft:open_chest":27,"minecraft:crouch_one_cm":1834,"tombstone:undead_killed":38,"minecraft:fall_one_cm":105718,"minecraft:interact_with_smoker":43},"minecraft:used":{"minecraft:chest":3,"born_in_chaos_v1:smoked_fish":1,"minecraft:cooked_chicken":16,"born_in_chaos_v1:fried_maggot":8,"minecraft:rotten_flesh":2,"minecraft:netherrack":1,"minecraft:torch":27,"minecraft:brewing_stand":1,"minecraft:dirt":28,"minecraft:carrot":1,"born_in_chaos_v1:soul_cutlass":150,"minecraft:granite":8,"minecraft:iron_axe":254,"minecraft:grass_block":1,"born_in_chaos_v1:mint_candy":2,"born_in_chaos_v1:gnawed_bones":1,"minecraft:bow":2,"immersive_armors:wooden_chestplate":1,"minecraft:oak_sapling":11,"minecraft:furnace":2,"minecraft:gray_bed":12,"tombstone:gift":7,"minecraft:egg":3,"minecraft:potato":19,"minecraft:cooked_beef":3,"minecraft:seagrass":23,"immersive_armors:wooden_helmet":1,"minecraft:wheat_seeds":37,"minecraft:diorite":2,"minecraft:oak_planks":3,"minecraft:stone_pickaxe":177,"minecraft:wooden_pickaxe":8,"minecraft:sugar_cane":31,"minecraft:crafting_table":14,"minecraft:smoker":6,"minecraft:apple":1,"chococraft:gysahl_green_seeds":64,"minecraft:bread":29,"minecraft:iron_pickaxe":44,"tombstone:grave_key":4,"born_in_chaos_v1:smoked_monster_flesh":2,"minecraft:gravel":2,"minecraft:stone_axe":127,"immersive_armors:wooden_boots":1,"born_in_chaos_v1:river_mint":1,"minecraft:chain":1,"minecraft:andesite":1,"chococraft:gysahl_green":77,"minecraft:bone_meal":13,"immersive_armors:wooden_leggings":1},"minecraft:crafted":{"minecraft:oak_planks":64,"usefulbackpacks:backpack_small":1,"minecraft:furnace":1,"minecraft:stone":5,"minecraft:bone_meal":10,"born_in_chaos_v1:smoked_monster_flesh":3,"minecraft:cooked_mutton":40,"immersive_armors:wooden_chestplate":1,"minecraft:leather":2,"minecraft:iron_axe":2,"born_in_chaos_v1:fried_maggot":10,"botania:flower_bag":1,"minecraft:stone_pickaxe":3,"minecraft:chest":2,"usefulbackpacks:backpack_medium":1,"immersive_armors:wooden_helmet":1,"minecraft:gray_bed":1,"minecraft:smoker":1,"minecraft:wheat":198,"minecraft:cooked_beef":7,"minecraft:oak_slab":24,"born_in_chaos_v1:mint_candy":2,"born_in_chaos_v1:smoked_fish":1,"minecraft:cooked_porkchop":1,"minecraft:crafting_table":1,"minecraft:wooden_pickaxe":1,"tombstone:decorative_grave_simple":1,"immersive_armors:wooden_leggings":1,"minecraft:stone_axe":3,"botania:lime_petal":2,"minecraft:bread":45,"minecraft:air":0,"minecraft:jungle_planks":4,"immersive_armors:wooden_boots":1,"minecraft:charcoal":9,"minecraft:stick":56,"tombstone:grave_plate":1,"usefulbackpacks:backpack_large":1,"minecraft:iron_ingot":15,"minecraft:iron_pickaxe":1,"tombstone:dark_marble":3,"minecraft:gold_ingot":45,"minecraft:torch":52,"minecraft:shears":1},"minecraft:killed_by":{"iceandfire:cyclops":3,"iceandfire:cockatrice":2},"minecraft:dropped":{"minecraft:bread":19,"minecraft:cooked_beef":6,"born_in_chaos_v1:fried_maggot":2,"minecraft:cooked_porkchop":1,"minecraft:tropical_fish":1,"born_in_chaos_v1:pumpkin_staff":1,"minecraft:torch":12,"immersive_armors:wooden_leggings":1,"botania:lime_petal":1,"minecraft:iron_axe":1,"immersive_armors:wooden_chestplate":1,"minecraft:stone_axe":1,"botania:brown_mystical_flower":5,"minecraft:wheat":1,"immersive_armors:wooden_boots":1,"born_in_chaos_v1:smoked_monster_flesh":1,"minecraft:rotten_flesh":1,"botania:cyan_double_flower":1,"botania:cyan_mystical_flower":1,"minecraft:spider_eye":2,"minecraft:stone_pickaxe":1,"minecraft:wooden_pickaxe":2,"immersive_armors:wooden_helmet":1}},"DataVersion":3465}