{"stats":{"minecraft:mined":{"minecraft:spruce_planks":1,"botania:red_mystical_flower":24,"minecraft:jungle_leaves":11,"minecraft:brewing_stand":1,"minecraft:granite":9,"minecraft:grass_block":33,"iceandfire:lectern":4,"botania:light_gray_mystical_flower":4,"minecraft:magma_block":11,"botania:purple_mystical_flower":1,"minecraft:iron_ore":75,"minecraft:fire":55,"botania:lime_double_flower":1,"minecraft:pumpkin":20,"minecraft:azure_bluet":2,"chococraft:gysahl_green":136,"iceandfire:gold_pile":148,"minecraft:dirt_path":2,"botania:brown_mystical_flower":19,"botania:green_mystical_flower":12,"iceandfire:myrmex_resin_jungle":4,"minecraft:smoker":6,"minecraft:torch":4,"minecraft:dark_oak_wood":5,"minecraft:poppy":2,"minecraft:melon":30,"minecraft:chest":14,"minecraft:dead_bush":1,"botania:blue_mystical_flower":17,"minecraft:sugar_cane":20,"minecraft:oak_planks":3,"botania:blue_double_flower":1,"minecraft:seagrass":1,"minecraft:wheat":12,"born_in_chaos_v1:river_mint":2,"minecraft:grass":214,"minecraft:oak_log":17,"minecraft:beetroots":1,"minecraft:dirt":19,"tombstone:decorative_grave_simple":1,"minecraft:netherrack":1,"minecraft:oak_leaves":83,"minecraft:dark_oak_leaves":14,"minecraft:deepslate_diamond_ore":1,"minecraft:dark_oak_log":1,"born_in_chaos_v1:infected_diamond_ore":3,"minecraft:jungle_planks":1,"botania:brown_double_flower":1,"botania:cyan_double_flower":1,"minecraft:hay_block":80,"iceandfire:jungle_myrmex_cocoon":2,"minecraft:furnace":5,"minecraft:carrots":1,"minecraft:andesite":1,"minecraft:gold_block":4,"minecraft:bookshelf":16,"minecraft:potatoes":3,"minecraft:vine":16,"iceandfire:myrmex_resin_sticky_jungle":2,"minecraft:stone":99,"botania:lime_mystical_flower":3,"minecraft:dandelion":8,"minecraft:crafting_table":30,"minecraft:cornflower":1,"minecraft:emerald_ore":1,"minecraft:tall_grass":27,"minecraft:diorite":2,"botania:cyan_mystical_flower":1,"botania:red_double_flower":2,"minecraft:gray_bed":37,"iceandfire:myrmex_jungle_biolight":1,"minecraft:birch_leaves":2,"minecraft:yellow_bed":3,"minecraft:coal_ore":74,"minecraft:sunflower":2,"minecraft:gravel":2,"botania:gray_mystical_flower":1,"minecraft:terracotta":1,"minecraft:stone_bricks":4,"minecraft:fern":24},"minecraft:picked_up":{"minecraft:seagrass":23,"chococraft:loverly_gysahl_green":23,"minecraft:wheat":70,"minecraft:enchanted_book":1,"iceandfire:myrmex_jungle_chitin":20,"minecraft:brewing_stand":1,"iceandfire:manuscript":14,"minecraft:string":15,"minecraft:iron_leggings":1,"minecraft:beetroot":4,"minecraft:gold_nugget":1454,"minecraft:spruce_planks":1,"minecraft:melon_slice":147,"iceandfire:dragonscales_red":22,"minecraft:iron_boots":1,"minecraft:furnace":6,"minecraft:golden_helmet":1,"minecraft:stick":37,"born_in_chaos_v1:shattered_skull":1,"botania:cyan_double_flower":1,"minecraft:brown_terracotta":1,"minecraft:torch":40,"minecraft:porkchop":19,"iceandfire:myrmex_resin_sticky_jungle":2,"iceandfire:lightning_dragon_flesh":6,"iceandfire:crackled_gravel":2,"minecraft:cherry_log":5,"iceandfire:lightning_dragon_blood":1,"minecraft:diorite":2,"tombstone:grave_dust":4,"minecraft:golden_chestplate":1,"minecraft:rotten_flesh":49,"minecraft:tropical_fish":1,"minecraft:vex_armor_trim_smithing_template":2,"iceandfire:fire_dragon_heart":1,"minecraft:bookshelf":10,"minecraft:cobblestone":177,"iceandfire:dragonscales_black":12,"minecraft:magma_block":10,"minecraft:feather":19,"minecraft:cooked_beef":4,"minecraft:andesite":1,"minecraft:jungle_log":1,"minecraft:brown_wool":1,"minecraft:golden_leggings":1,"minecraft:smoker":6,"minecraft:potato":37,"minecraft:dirt":86,"tombstone:familiar_receptacle":1,"born_in_chaos_v1:monster_skin":1,"minecraft:glass":1,"minecraft:bone":49,"botania:cyan_mystical_flower":1,"iceandfire:myrmex_jungle_resin":8,"minecraft:bow":1,"minecraft:wheat_seeds":255,"minecraft:oak_planks":2,"patchouli:guide_book":2,"iceandfire:dragon_skull_fire":1,"minecraft:jungle_planks":1,"iceandfire:lightning_dragon_heart":2,"minecraft:ink_sac":1,"minecraft:grass_block":1,"minecraft:red_terracotta":2,"minecraft:dark_oak_log":3,"iceandfire:myrmex_stinger":9,"minecraft:bundle":2,"minecraft:sugar":2,"born_in_chaos_v1:fire_dust":1,"minecraft:diamond":1,"iceandfire:lectern":4,"iceandfire:dragonbone_sword_fire":1,"minecraft:granite":9,"minecraft:bone_meal":14,"iceandfire:myrmex_jungle_biolight":1,"iceandfire:troll_leather_forest":1,"minecraft:emerald":10,"minecraft:oak_sapling":24,"born_in_chaos_v1:rotten_fish":12,"minecraft:netherrack":1,"iceandfire:dragon_skull_lightning":9,"born_in_chaos_v1:diamond_termite_shard":6,"minecraft:charcoal":2,"minecraft:crafting_table":29,"minecraft:azure_bluet":2,"iceandfire:witherbone":12,"minecraft:chicken":3,"born_in_chaos_v1:river_mint":2,"born_in_chaos_v1:seedof_chaos":6,"born_in_chaos_v1:serpumpkinhead_m":2,"minecraft:wooden_pickaxe":1,"minecraft:gold_block":4,"minecraft:chain":1,"minecraft:cornflower":1,"minecraft:iron_axe":1,"minecraft:beef":124,"immersive_armors:wooden_leggings":1,"born_in_chaos_v1:gnawed_bones":1,"minecraft:jungle_sapling":1,"minecraft:iron_nugget":6,"minecraft:poppy":3,"minecraft:light_gray_wool":2,"minecraft:sugar_cane":38,"minecraft:chest":14,"minecraft:birch_sapling":1,"minecraft:egg":13,"minecraft:raw_iron":75,"iceandfire:dragonbone":80,"minecraft:stone":3,"born_in_chaos_v1:pieceofdarkmetal":8,"minecraft:carrot":17,"botania:black_lotus":1,"iceandfire:cyclops_eye":1,"immersive_armors:wooden_helmet":1,"minecraft:arrow":18,"botania:lime_mystical_flower":1,"minecraft:beetroot_seeds":10,"born_in_chaos_v1:wood_splitter_axe":1,"minecraft:shears":1,"minecraft:hay_block":81,"born_in_chaos_v1:spiny_shell":16,"minecraft:totem_of_undying":1,"tombstone:essence_of_undeath":3,"minecraft:mutton":87,"iceandfire:jungle_myrmex_cocoon":2,"minecraft:white_wool":60,"born_in_chaos_v1:fused_bone":4,"born_in_chaos_v1:corpse_maggot":19,"born_in_chaos_v1:monster_flesh":3,"born_in_chaos_v1:pumpkin_staff":1,"minecraft:glow_ink_sac":7,"minecraft:leather":92,"minecraft:oak_log":163,"botania:flower_bag":1,"minecraft:yellow_bed":3,"minecraft:gunpowder":7,"iceandfire:myrmex_resin_jungle":4,"mca:book_romance":1,"minecraft:paper":3,"minecraft:orange_terracotta":1,"chococraft:chocobo_feather":2,"chococraft:gysahl_green":382,"born_in_chaos_v1:soul_cutlass":1,"minecraft:apple":11,"minecraft:stone_bricks":4,"chococraft:gold_gysahl":6,"minecraft:kelp":1,"minecraft:iron_ingot":2,"minecraft:cooked_chicken":16,"minecraft:cobweb":5,"minecraft:gray_bed":38,"minecraft:iron_sword":1,"minecraft:book":21,"minecraft:oak_slab":13,"iceandfire:copper_nugget":64,"minecraft:pumpkin":20,"iceandfire:ash":1,"born_in_chaos_v1:ethereal_spirit":6,"minecraft:dandelion":9,"minecraft:gravel":2,"born_in_chaos_v1:dark_rod":1,"tombstone:decorative_grave_simple":1,"chococraft:gysahl_green_seeds":136,"minecraft:spider_eye":8,"immersive_armors:wooden_chestplate":1,"iceandfire:myrmex_jungle_egg":6,"minecraft:gray_wool":9,"minecraft:terracotta":7,"tombstone:magic_scroll":3,"minecraft:coal":156,"minecraft:black_wool":1,"minecraft:dark_oak_wood":5,"botania:brown_mystical_flower":5,"immersive_armors:wooden_boots":1,"minecraft:sunflower":2,"minecraft:ender_pearl":1},"minecraft:broken":{"minecraft:golden_helmet":1,"immersive_armors:wooden_leggings":2,"minecraft:stone_pickaxe":2,"minecraft:stone_axe":2,"minecraft:bow":1,"immersive_armors:wooden_chestplate":2,"immersive_armors:wooden_boots":2,"immersive_armors:wooden_helmet":2,"minecraft:iron_axe":2},"minecraft:custom":{"minecraft:animals_bred":5,"minecraft:interact_with_crafting_table":83,"minecraft:open_barrel":11,"minecraft:leave_game":4,"minecraft:time_since_death":15239,"minecraft:sprint_one_cm":1076307,"minecraft:drop":44,"minecraft:talked_to_villager":1,"minecraft:play_time":359374,"minecraft:deaths":50,"minecraft:jump":11172,"minecraft:interact_with_brewingstand":2,"minecraft:walk_on_water_one_cm":58060,"tombstone:steal_effect":6,"minecraft:interact_with_furnace":43,"minecraft:sleep_in_bed":26,"minecraft:damage_dealt":44102,"minecraft:crouch_one_cm":8448,"tombstone:undead_killed":58,"minecraft:interact_with_smoker":43,"minecraft:mob_kills":224,"minecraft:damage_dealt_resisted":794,"minecraft:climb_one_cm":9988,"minecraft:walk_one_cm":510749,"minecraft:sneak_time":4087,"minecraft:walk_under_water_one_cm":53291,"minecraft:total_world_time":359374,"tombstone:raider_killed":7,"minecraft:interact_with_stonecutter":2,"minecraft:time_since_rest":934,"minecraft:damage_taken":27787,"minecraft:trigger_trapped_chest":4,"minecraft:swim_one_cm":150896,"minecraft:fly_one_cm":1972055,"minecraft:open_chest":172,"minecraft:fall_one_cm":365349},"minecraft:killed":{"illagerinvasion:archivist":1,"born_in_chaos_v1:mr_pumpkin":2,"minecraft:witch":1,"born_in_chaos_v1:restless_spirit":2,"born_in_chaos_v1:zombie_lumberjack":4,"born_in_chaos_v1:skeleton_demoman":1,"born_in_chaos_v1:sir_the_headless":1,"minecraft:spider":10,"born_in_chaos_v1:siamese_skeletonsright":2,"illagerinvasion:basher":1,"born_in_chaos_v1:baby_skeleton_minion":2,"born_in_chaos_v1:scarlet_persecutor":1,"minecraft:skeleton":13,"minecraft:chicken":1,"born_in_chaos_v1:skeleton_thrasher":1,"minecraft:turtle":8,"born_in_chaos_v1:firelight_not_despawn":1,"iceandfire:myrmex_worker":4,"born_in_chaos_v1:bonescaller":1,"minecraft:pig":8,"born_in_chaos_v1:diamond_termite":5,"minecraft:creeper":5,"iceandfire:cockatrice":4,"minecraft:sheep":19,"minecraft:zombie":17,"born_in_chaos_v1:dread_hound":4,"born_in_chaos_v1:corpse_fly":7,"iceandfire:myrmex_queen":2,"iceandfire:lightning_dragon":1,"born_in_chaos_v1:siamese_skeletonsleft":2,"minecraft:cow":34,"minecraft:evoker":1,"mca:male_zombie_villager":1,"minecraft:vindicator":2,"illagerinvasion:marauder":1,"born_in_chaos_v1:thornshell_crab":5,"born_in_chaos_v1:zombie_bruiser":1,"born_in_chaos_v1:maggot":10,"born_in_chaos_v1:pumpkinhead":1,"iceandfire:fire_dragon":1,"born_in_chaos_v1:corpse_fish":8,"minecraft:drowned":4,"iceandfire:myrmex_sentinel":1,"born_in_chaos_v1:barrel_zombie":1,"born_in_chaos_v1:fallen_chaos_knight":1,"iceandfire:cyclops":1,"born_in_chaos_v1:baby_skeleton":3,"majruszsdifficulty:cursed_armor":4,"born_in_chaos_v1:bloody_gadfly":1,"iceandfire:myrmex_soldier":3,"iceandfire:ghost":4,"minecraft:enderman":2},"minecraft:used":{"iceandfire:lectern":4,"minecraft:poppy":1,"minecraft:chest":4,"minecraft:iron_sword":68,"minecraft:rotten_flesh":2,"minecraft:jungle_planks":1,"minecraft:carrot":1,"born_in_chaos_v1:soul_cutlass":425,"minecraft:glass":1,"minecraft:jungle_sapling":1,"born_in_chaos_v1:corpse_maggot":5,"tombstone:decorative_grave_simple":1,"minecraft:grass_block":1,"minecraft:birch_sapling":1,"born_in_chaos_v1:mint_candy":2,"born_in_chaos_v1:gnawed_bones":1,"immersive_armors:wooden_chestplate":1,"minecraft:bow":2,"minecraft:hay_block":1,"minecraft:oak_sapling":12,"minecraft:furnace":3,"minecraft:gray_bed":39,"minecraft:beetroot_seeds":7,"minecraft:egg":3,"minecraft:potato":19,"minecraft:seagrass":23,"immersive_armors:wooden_helmet":1,"minecraft:diorite":2,"minecraft:stone_pickaxe":268,"minecraft:oak_planks":5,"minecraft:wooden_pickaxe":8,"minecraft:sugar_cane":31,"minecraft:white_wool":2,"iceandfire:dragonbone_sword_lightning":6,"minecraft:melon_slice":83,"minecraft:bread":32,"minecraft:red_terracotta":2,"tombstone:grave_key":14,"minecraft:gravel":2,"born_in_chaos_v1:smoked_monster_flesh":2,"iceandfire:myrmex_resin_jungle":4,"minecraft:golden_helmet":1,"born_in_chaos_v1:river_mint":1,"minecraft:andesite":1,"minecraft:chain":1,"chococraft:gysahl_green":279,"minecraft:bone_meal":24,"minecraft:cobweb":25,"minecraft:dead_bush":1,"minecraft:spruce_planks":1,"born_in_chaos_v1:smoked_fish":1,"born_in_chaos_v1:fried_maggot":8,"minecraft:cooked_chicken":16,"minecraft:netherrack":1,"minecraft:torch":40,"minecraft:brewing_stand":1,"minecraft:dirt":79,"minecraft:spyglass":40,"minecraft:granite":9,"minecraft:brown_terracotta":1,"minecraft:wooden_axe":41,"minecraft:light_weighted_pressure_plate":1,"minecraft:iron_axe":349,"minecraft:golden_carrot":11,"minecraft:beef":3,"tombstone:gift":8,"minecraft:cooked_beef":5,"minecraft:orange_terracotta":1,"minecraft:cherry_log":3,"minecraft:golden_axe":13,"minecraft:wheat_seeds":203,"minecraft:cooked_mutton":23,"minecraft:water_bucket":6,"iceandfire:myrmex_jungle_biolight":1,"minecraft:terracotta":8,"minecraft:crafting_table":30,"simplyswords:iron_greataxe":19,"minecraft:white_bed":2,"minecraft:smoker":6,"minecraft:oak_log":1,"minecraft:apple":1,"chococraft:gysahl_green_seeds":136,"minecraft:sunflower":2,"minecraft:iron_pickaxe":176,"iceandfire:ash":1,"minecraft:yellow_wool":1,"minecraft:stone_axe":127,"immersive_armors:wooden_boots":1,"minecraft:cobblestone":18,"minecraft:bucket":7,"minecraft:yellow_bed":3,"immersive_armors:wooden_leggings":1,"iceandfire:myrmex_resin_sticky_jungle":2},"minecraft:crafted":{"minecraft:oak_planks":128,"usefulbackpacks:backpack_small":2,"iceandfire:lectern":1,"minecraft:stone":5,"minecraft:bookshelf":10,"minecraft:cooked_mutton":40,"immersive_armors:wooden_chestplate":4,"iceandfire:dragonbone_sword_lightning":1,"minecraft:iron_boots":1,"minecraft:chest":2,"immersive_armors:wooden_helmet":4,"minecraft:gray_bed":2,"minecraft:smoker":1,"minecraft:oak_slab":24,"born_in_chaos_v1:mint_candy":2,"born_in_chaos_v1:smoked_fish":1,"minecraft:cooked_porkchop":1,"minecraft:crafting_table":3,"minecraft:wooden_pickaxe":1,"tombstone:decorative_grave_simple":1,"immersive_armors:wooden_leggings":4,"minecraft:gold_block":20,"botania:lime_petal":2,"immersive_armors:wooden_boots":4,"minecraft:iron_chestplate":1,"minecraft:charcoal":9,"minecraft:stick":68,"usefulbackpacks:backpack_large":2,"minecraft:iron_ingot":31,"minecraft:iron_pickaxe":2,"minecraft:iron_block":6,"minecraft:gold_ingot":175,"minecraft:shears":1,"minecraft:spyglass":1,"minecraft:furnace":1,"minecraft:bone_meal":10,"born_in_chaos_v1:smoked_monster_flesh":3,"minecraft:leather":2,"minecraft:iron_axe":3,"iceandfire:myrmex_jungle_staff":1,"born_in_chaos_v1:fried_maggot":10,"botania:flower_bag":1,"minecraft:stone_pickaxe":3,"usefulbackpacks:backpack_medium":2,"minecraft:dark_oak_planks":32,"minecraft:wheat":198,"minecraft:cooked_beef":20,"iceandfire:dragonbone_sword":1,"iceandfire:dragon_meal":6,"minecraft:stone_axe":3,"minecraft:bread":90,"minecraft:air":0,"minecraft:jungle_planks":4,"iceandfire:bestiary":1,"tombstone:grave_plate":1,"tombstone:dark_marble":3,"minecraft:wooden_axe":3,"minecraft:iron_leggings":2,"minecraft:white_bed":2,"minecraft:torch":52},"minecraft:killed_by":{"iceandfire:cyclops":3,"iceandfire:lightning_dragon":3,"iceandfire:cockatrice":2},"minecraft:dropped":{"minecraft:iron_sword":1,"minecraft:glow_ink_sac":5,"minecraft:cooked_beef":19,"born_in_chaos_v1:fried_maggot":2,"minecraft:cooked_porkchop":1,"minecraft:leather":18,"immersive_armors:wooden_leggings":1,"minecraft:iron_pickaxe":1,"immersive_armors:wooden_chestplate":1,"minecraft:stone_axe":1,"botania:brown_mystical_flower":5,"minecraft:wheat":1,"immersive_armors:wooden_boots":1,"minecraft:beetroot":1,"minecraft:rotten_flesh":7,"botania:cyan_double_flower":1,"minecraft:beef":2,"minecraft:bread":70,"minecraft:wheat_seeds":3,"minecraft:cobblestone":50,"minecraft:tropical_fish":1,"minecraft:coal":8,"born_in_chaos_v1:pumpkin_staff":1,"minecraft:torch":12,"botania:lime_petal":1,"minecraft:iron_axe":1,"minecraft:furnace":1,"iceandfire:witherbone":1,"born_in_chaos_v1:smoked_monster_flesh":1,"iceandfire:dragonbone_sword_fire":1,"minecraft:hay_block":1,"botania:cyan_mystical_flower":1,"minecraft:spider_eye":2,"minecraft:stone_pickaxe":1,"minecraft:wooden_pickaxe":2,"immersive_armors:wooden_helmet":1,"chococraft:gysahl_green":1}},"DataVersion":3465}