{"stats":{"minecraft:killed_by":{"iceandfire:cyclops":3,"iceandfire:cockatrice":2},"minecraft:killed":{"born_in_chaos_v1:mr_pumpkin":2,"minecraft:witch":1,"born_in_chaos_v1:zombie_lumberjack":2,"born_in_chaos_v1:restless_spirit":1,"born_in_chaos_v1:skeleton_demoman":1,"born_in_chaos_v1:sir_the_headless":1,"minecraft:spider":8,"born_in_chaos_v1:siamese_skeletonsright":2,"born_in_chaos_v1:baby_skeleton_minion":2,"minecraft:skeleton":10,"minecraft:chicken":1,"born_in_chaos_v1:skeleton_thrasher":1,"minecraft:turtle":8,"born_in_chaos_v1:firelight_not_despawn":1,"iceandfire:myrmex_worker":4,"born_in_chaos_v1:bonescaller":1,"minecraft:creeper":5,"iceandfire:cockatrice":4,"minecraft:sheep":19,"minecraft:zombie":11,"born_in_chaos_v1:dread_hound":4,"iceandfire:myrmex_queen":1,"born_in_chaos_v1:corpse_fly":7,"born_in_chaos_v1:siamese_skeletonsleft":2,"minecraft:cow":24,"mca:male_zombie_villager":1,"born_in_chaos_v1:thornshell_crab":2,"born_in_chaos_v1:zombie_bruiser":1,"born_in_chaos_v1:maggot":5,"born_in_chaos_v1:pumpkinhead":1,"born_in_chaos_v1:corpse_fish":7,"minecraft:drowned":1,"iceandfire:myrmex_sentinel":1,"born_in_chaos_v1:barrel_zombie":1,"born_in_chaos_v1:fallen_chaos_knight":1,"iceandfire:cyclops":1,"born_in_chaos_v1:baby_skeleton":3,"majruszsdifficulty:cursed_armor":2,"born_in_chaos_v1:bloody_gadfly":1,"iceandfire:myrmex_soldier":2,"iceandfire:ghost":4,"minecraft:enderman":2},"minecraft:mined":{"minecraft:spruce_planks":1,"botania:red_mystical_flower":16,"minecraft:jungle_leaves":10,"minecraft:brewing_stand":1,"minecraft:granite":8,"minecraft:grass_block":30,"iceandfire:lectern":1,"minecraft:magma_block":11,"botania:purple_mystical_flower":1,"minecraft:iron_ore":19,"minecraft:fire":1,"botania:lime_double_flower":1,"minecraft:pumpkin":20,"minecraft:azure_bluet":2,"chococraft:gysahl_green":94,"iceandfire:gold_pile":44,"minecraft:dirt_path":2,"botania:brown_mystical_flower":12,"botania:green_mystical_flower":5,"minecraft:smoker":6,"minecraft:torch":4,"minecraft:dark_oak_wood":5,"minecraft:poppy":2,"minecraft:melon":27,"minecraft:chest":14,"minecraft:dead_bush":1,"botania:blue_mystical_flower":3,"minecraft:sugar_cane":20,"minecraft:oak_planks":3,"minecraft:seagrass":1,"minecraft:wheat":12,"born_in_chaos_v1:river_mint":2,"minecraft:grass":171,"minecraft:oak_log":17,"minecraft:beetroots":1,"minecraft:dirt":12,"minecraft:netherrack":1,"minecraft:oak_leaves":67,"minecraft:dark_oak_leaves":14,"minecraft:dark_oak_log":1,"minecraft:jungle_planks":1,"botania:cyan_double_flower":1,"minecraft:hay_block":80,"iceandfire:jungle_myrmex_cocoon":2,"minecraft:furnace":3,"minecraft:carrots":1,"minecraft:andesite":1,"minecraft:gold_block":2,"minecraft:bookshelf":4,"minecraft:potatoes":3,"minecraft:vine":16,"iceandfire:myrmex_resin_sticky_jungle":1,"minecraft:stone":73,"botania:lime_mystical_flower":3,"minecraft:dandelion":8,"minecraft:crafting_table":20,"minecraft:cornflower":1,"minecraft:tall_grass":26,"minecraft:diorite":2,"botania:cyan_mystical_flower":1,"botania:red_double_flower":2,"iceandfire:myrmex_jungle_biolight":1,"minecraft:gray_bed":21,"minecraft:yellow_bed":3,"minecraft:coal_ore":56,"minecraft:sunflower":2,"minecraft:gravel":2,"botania:gray_mystical_flower":1,"minecraft:fern":23},"minecraft:dropped":{"minecraft:cooked_beef":6,"born_in_chaos_v1:fried_maggot":2,"minecraft:cooked_porkchop":1,"immersive_armors:wooden_leggings":1,"immersive_armors:wooden_chestplate":1,"minecraft:stone_axe":1,"botania:brown_mystical_flower":5,"minecraft:wheat":1,"immersive_armors:wooden_boots":1,"minecraft:beetroot":1,"minecraft:rotten_flesh":1,"botania:cyan_double_flower":1,"minecraft:bread":19,"minecraft:tropical_fish":1,"born_in_chaos_v1:pumpkin_staff":1,"minecraft:torch":12,"botania:lime_petal":1,"minecraft:iron_axe":1,"born_in_chaos_v1:smoked_monster_flesh":1,"minecraft:hay_block":1,"botania:cyan_mystical_flower":1,"minecraft:spider_eye":2,"minecraft:stone_pickaxe":1,"minecraft:wooden_pickaxe":2,"chococraft:gysahl_green":1,"immersive_armors:wooden_helmet":1},"minecraft:crafted":{"minecraft:oak_planks":100,"usefulbackpacks:backpack_small":1,"iceandfire:lectern":1,"minecraft:stone":5,"minecraft:cooked_mutton":40,"immersive_armors:wooden_chestplate":4,"minecraft:chest":2,"immersive_armors:wooden_helmet":4,"minecraft:gray_bed":1,"minecraft:smoker":1,"minecraft:oak_slab":24,"born_in_chaos_v1:mint_candy":2,"born_in_chaos_v1:smoked_fish":1,"minecraft:cooked_porkchop":1,"minecraft:crafting_table":3,"minecraft:wooden_pickaxe":1,"tombstone:decorative_grave_simple":1,"immersive_armors:wooden_leggings":4,"minecraft:gold_block":6,"botania:lime_petal":2,"immersive_armors:wooden_boots":4,"minecraft:charcoal":9,"minecraft:stick":60,"usefulbackpacks:backpack_large":1,"minecraft:iron_ingot":15,"minecraft:iron_pickaxe":1,"minecraft:gold_ingot":51,"minecraft:shears":1,"minecraft:furnace":1,"minecraft:bone_meal":10,"born_in_chaos_v1:smoked_monster_flesh":3,"minecraft:leather":2,"minecraft:iron_axe":2,"iceandfire:myrmex_jungle_staff":1,"born_in_chaos_v1:fried_maggot":10,"botania:flower_bag":1,"minecraft:stone_pickaxe":3,"usefulbackpacks:backpack_medium":1,"minecraft:wheat":198,"minecraft:cooked_beef":7,"minecraft:stone_axe":3,"minecraft:bread":88,"minecraft:air":0,"minecraft:jungle_planks":4,"iceandfire:bestiary":1,"tombstone:grave_plate":1,"tombstone:dark_marble":3,"minecraft:wooden_axe":3,"minecraft:torch":52},"minecraft:used":{"iceandfire:lectern":1,"minecraft:chest":3,"minecraft:rotten_flesh":2,"minecraft:jungle_planks":1,"minecraft:carrot":1,"born_in_chaos_v1:soul_cutlass":235,"minecraft:jungle_sapling":1,"minecraft:grass_block":1,"born_in_chaos_v1:mint_candy":2,"born_in_chaos_v1:gnawed_bones":1,"immersive_armors:wooden_chestplate":1,"minecraft:bow":2,"minecraft:hay_block":1,"minecraft:furnace":2,"minecraft:oak_sapling":12,"minecraft:gray_bed":21,"minecraft:beetroot_seeds":7,"minecraft:egg":3,"minecraft:potato":19,"minecraft:seagrass":23,"immersive_armors:wooden_helmet":1,"minecraft:diorite":2,"minecraft:stone_pickaxe":177,"minecraft:oak_planks":3,"minecraft:wooden_pickaxe":8,"minecraft:sugar_cane":31,"minecraft:bread":32,"tombstone:grave_key":4,"born_in_chaos_v1:smoked_monster_flesh":2,"minecraft:gravel":2,"born_in_chaos_v1:river_mint":1,"minecraft:andesite":1,"minecraft:chain":1,"chococraft:gysahl_green":208,"minecraft:bone_meal":21,"minecraft:dead_bush":1,"minecraft:spruce_planks":1,"born_in_chaos_v1:smoked_fish":1,"born_in_chaos_v1:fried_maggot":8,"minecraft:cooked_chicken":16,"minecraft:netherrack":1,"minecraft:torch":28,"minecraft:brewing_stand":1,"minecraft:dirt":36,"minecraft:granite":8,"minecraft:wooden_axe":32,"minecraft:iron_axe":300,"minecraft:beef":3,"tombstone:gift":7,"minecraft:cooked_beef":3,"minecraft:golden_axe":2,"minecraft:wheat_seeds":203,"iceandfire:myrmex_jungle_biolight":1,"minecraft:crafting_table":20,"minecraft:smoker":6,"minecraft:oak_log":1,"minecraft:apple":1,"chococraft:gysahl_green_seeds":93,"minecraft:sunflower":2,"minecraft:iron_pickaxe":46,"minecraft:stone_axe":127,"immersive_armors:wooden_boots":1,"minecraft:yellow_bed":3,"immersive_armors:wooden_leggings":1,"iceandfire:myrmex_resin_sticky_jungle":1},"minecraft:picked_up":{"minecraft:seagrass":23,"chococraft:loverly_gysahl_green":13,"minecraft:wheat":70,"minecraft:enchanted_book":1,"iceandfire:myrmex_jungle_chitin":20,"minecraft:brewing_stand":1,"iceandfire:manuscript":14,"minecraft:string":12,"minecraft:beetroot":4,"minecraft:gold_nugget":410,"minecraft:spruce_planks":1,"minecraft:melon_slice":132,"minecraft:furnace":4,"minecraft:stick":32,"born_in_chaos_v1:shattered_skull":1,"botania:cyan_double_flower":1,"minecraft:torch":39,"iceandfire:myrmex_resin_sticky_jungle":1,"minecraft:cherry_log":2,"minecraft:diorite":2,"tombstone:grave_dust":3,"minecraft:golden_chestplate":1,"minecraft:rotten_flesh":35,"minecraft:tropical_fish":1,"minecraft:cobblestone":150,"minecraft:magma_block":10,"minecraft:feather":17,"minecraft:cooked_beef":2,"minecraft:andesite":1,"minecraft:jungle_log":1,"minecraft:brown_wool":1,"minecraft:golden_leggings":1,"minecraft:smoker":6,"minecraft:potato":37,"minecraft:dirt":49,"born_in_chaos_v1:monster_skin":1,"minecraft:bone":44,"botania:cyan_mystical_flower":1,"iceandfire:myrmex_jungle_resin":8,"minecraft:bow":1,"minecraft:wheat_seeds":241,"minecraft:oak_planks":2,"patchouli:guide_book":2,"minecraft:jungle_planks":1,"minecraft:ink_sac":1,"minecraft:grass_block":1,"minecraft:dark_oak_log":3,"iceandfire:myrmex_stinger":7,"minecraft:bundle":1,"minecraft:sugar":2,"born_in_chaos_v1:fire_dust":1,"iceandfire:lectern":1,"minecraft:granite":8,"minecraft:bone_meal":11,"iceandfire:myrmex_jungle_biolight":1,"minecraft:oak_sapling":24,"born_in_chaos_v1:rotten_fish":8,"minecraft:netherrack":1,"iceandfire:dragon_skull_lightning":5,"minecraft:charcoal":2,"minecraft:crafting_table":20,"minecraft:azure_bluet":2,"iceandfire:witherbone":10,"minecraft:chicken":2,"born_in_chaos_v1:river_mint":2,"born_in_chaos_v1:seedof_chaos":6,"born_in_chaos_v1:serpumpkinhead_m":2,"minecraft:wooden_pickaxe":1,"minecraft:gold_block":2,"minecraft:chain":1,"minecraft:cornflower":1,"minecraft:iron_axe":1,"minecraft:beef":79,"immersive_armors:wooden_leggings":1,"born_in_chaos_v1:gnawed_bones":1,"minecraft:jungle_sapling":1,"minecraft:poppy":2,"minecraft:light_gray_wool":2,"minecraft:sugar_cane":38,"minecraft:chest":14,"minecraft:egg":12,"minecraft:raw_iron":19,"iceandfire:dragonbone":61,"minecraft:stone":3,"minecraft:carrot":17,"born_in_chaos_v1:pieceofdarkmetal":8,"iceandfire:cyclops_eye":1,"minecraft:arrow":15,"immersive_armors:wooden_helmet":1,"botania:lime_mystical_flower":1,"minecraft:beetroot_seeds":10,"minecraft:shears":1,"minecraft:hay_block":81,"born_in_chaos_v1:spiny_shell":7,"tombstone:essence_of_undeath":3,"minecraft:mutton":85,"iceandfire:jungle_myrmex_cocoon":2,"minecraft:white_wool":54,"born_in_chaos_v1:fused_bone":4,"born_in_chaos_v1:corpse_maggot":17,"born_in_chaos_v1:monster_flesh":3,"born_in_chaos_v1:pumpkin_staff":1,"minecraft:glow_ink_sac":2,"minecraft:leather":62,"minecraft:oak_log":163,"minecraft:yellow_bed":3,"botania:flower_bag":1,"minecraft:gunpowder":7,"mca:book_romance":1,"chococraft:chocobo_feather":1,"chococraft:gysahl_green":262,"born_in_chaos_v1:soul_cutlass":1,"minecraft:apple":11,"chococraft:gold_gysahl":4,"minecraft:kelp":1,"minecraft:iron_ingot":1,"minecraft:cooked_chicken":16,"minecraft:cobweb":5,"minecraft:gray_bed":22,"minecraft:book":12,"minecraft:oak_slab":13,"minecraft:pumpkin":20,"born_in_chaos_v1:ethereal_spirit":1,"minecraft:dandelion":8,"minecraft:gravel":2,"chococraft:gysahl_green_seeds":93,"minecraft:spider_eye":8,"immersive_armors:wooden_chestplate":1,"iceandfire:myrmex_jungle_egg":4,"minecraft:gray_wool":9,"tombstone:magic_scroll":3,"minecraft:coal":139,"minecraft:black_wool":1,"botania:brown_mystical_flower":5,"minecraft:dark_oak_wood":5,"immersive_armors:wooden_boots":1,"minecraft:sunflower":2,"minecraft:ender_pearl":1},"minecraft:custom":{"minecraft:animals_bred":5,"minecraft:interact_with_crafting_table":52,"minecraft:leave_game":3,"minecraft:time_since_death":13302,"minecraft:sprint_one_cm":659675,"minecraft:drop":29,"minecraft:talked_to_villager":1,"minecraft:play_time":205899,"minecraft:deaths":24,"minecraft:jump":6091,"minecraft:interact_with_brewingstand":2,"minecraft:walk_on_water_one_cm":32875,"minecraft:interact_with_furnace":28,"minecraft:sleep_in_bed":11,"minecraft:damage_dealt":29849,"minecraft:crouch_one_cm":4369,"tombstone:undead_killed":44,"minecraft:interact_with_smoker":43,"minecraft:mob_kills":162,"minecraft:damage_dealt_resisted":338,"minecraft:climb_one_cm":6510,"minecraft:walk_one_cm":315516,"minecraft:sneak_time":2127,"minecraft:walk_under_water_one_cm":31149,"minecraft:total_world_time":205899,"tombstone:raider_killed":1,"minecraft:interact_with_stonecutter":2,"minecraft:time_since_rest":13036,"minecraft:damage_taken":14492,"minecraft:trigger_trapped_chest":4,"minecraft:swim_one_cm":117127,"minecraft:fly_one_cm":1189607,"minecraft:open_chest":59,"minecraft:fall_one_cm":194441},"minecraft:broken":{"immersive_armors:wooden_leggings":1,"minecraft:stone_pickaxe":1,"minecraft:stone_axe":2,"minecraft:bow":1,"immersive_armors:wooden_chestplate":1,"immersive_armors:wooden_boots":1,"immersive_armors:wooden_helmet":1,"minecraft:iron_axe":1}},"DataVersion":3465}