{"stats":{"minecraft:mined":{"minecraft:spruce_planks":1,"minecraft:white_bed":8,"botania:red_mystical_flower":43,"minecraft:jungle_leaves":11,"minecraft:brewing_stand":1,"minecraft:granite":9,"minecraft:grass_block":45,"iceandfire:lectern":4,"botania:light_gray_mystical_flower":4,"minecraft:magma_block":11,"botania:purple_mystical_flower":1,"minecraft:iron_ore":75,"minecraft:fire":68,"botania:lime_double_flower":1,"minecraft:pumpkin":20,"minecraft:azure_bluet":2,"chococraft:gysahl_green":142,"iceandfire:gold_pile":148,"minecraft:dirt_path":2,"botania:brown_mystical_flower":22,"botania:green_mystical_flower":13,"iceandfire:myrmex_resin_jungle":4,"minecraft:smoker":6,"minecraft:torch":4,"minecraft:dark_oak_wood":5,"minecraft:poppy":2,"minecraft:melon":30,"minecraft:chest":16,"minecraft:dead_bush":1,"botania:blue_mystical_flower":17,"minecraft:oak_planks":32,"minecraft:sugar_cane":20,"botania:blue_double_flower":1,"minecraft:wall_torch":2,"minecraft:seagrass":1,"minecraft:wheat":12,"born_in_chaos_v1:river_mint":2,"minecraft:grass":229,"minecraft:oak_log":17,"minecraft:beetroots":1,"minecraft:dirt":19,"tombstone:decorative_grave_simple":1,"minecraft:netherrack":1,"minecraft:oak_leaves":85,"minecraft:dark_oak_leaves":14,"minecraft:deepslate_diamond_ore":1,"minecraft:dark_oak_log":1,"born_in_chaos_v1:infected_diamond_ore":3,"minecraft:jungle_planks":1,"botania:brown_double_flower":1,"botania:cyan_double_flower":1,"minecraft:hay_block":113,"iceandfire:jungle_myrmex_cocoon":2,"minecraft:furnace":5,"minecraft:carrots":1,"minecraft:andesite":1,"minecraft:gold_block":4,"minecraft:bookshelf":25,"minecraft:potatoes":3,"minecraft:vine":20,"iceandfire:myrmex_resin_sticky_jungle":2,"minecraft:stone":113,"minecraft:white_wool":2,"botania:lime_mystical_flower":3,"minecraft:dandelion":8,"minecraft:crafting_table":37,"minecraft:cornflower":1,"minecraft:emerald_ore":1,"minecraft:tall_grass":28,"minecraft:diorite":2,"botania:cyan_mystical_flower":1,"botania:red_double_flower":3,"minecraft:gray_bed":37,"iceandfire:myrmex_jungle_biolight":1,"minecraft:birch_leaves":2,"minecraft:yellow_bed":3,"botania:white_mystical_flower":1,"minecraft:coal_ore":98,"minecraft:sunflower":2,"minecraft:gravel":2,"botania:gray_mystical_flower":1,"minecraft:terracotta":1,"minecraft:stone_bricks":4,"minecraft:fern":24},"minecraft:picked_up":{"minecraft:seagrass":23,"chococraft:loverly_gysahl_green":25,"minecraft:wheat":72,"minecraft:enchanted_book":3,"iceandfire:myrmex_jungle_chitin":20,"minecraft:brewing_stand":1,"iceandfire:manuscript":18,"minecraft:string":34,"iceandfire:sea_serpent_scales_teal":5,"minecraft:iron_leggings":1,"minecraft:sticky_piston":17,"minecraft:beetroot":4,"minecraft:gold_nugget":1477,"minecraft:spruce_planks":1,"minecraft:melon_slice":147,"iceandfire:dragonscales_red":22,"minecraft:furnace":7,"minecraft:iron_boots":1,"minecraft:tipped_arrow":1,"minecraft:golden_helmet":1,"minecraft:stick":37,"born_in_chaos_v1:shattered_skull":1,"botania:cyan_double_flower":1,"minecraft:brown_terracotta":1,"minecraft:torch":44,"iceandfire:myrmex_resin_sticky_jungle":2,"minecraft:porkchop":19,"iceandfire:lightning_dragon_flesh":20,"minecraft:cherry_log":5,"iceandfire:crackled_gravel":2,"iceandfire:lightning_dragon_blood":2,"minecraft:diorite":2,"tombstone:grave_dust":5,"minecraft:golden_chestplate":1,"minecraft:rotten_flesh":53,"minecraft:tropical_fish":1,"born_in_chaos_v1:sea_terror_eye":2,"minecraft:vex_armor_trim_smithing_template":3,"iceandfire:fire_dragon_heart":2,"minecraft:bookshelf":19,"minecraft:obsidian":1,"minecraft:cobblestone":191,"iceandfire:dragonscales_black":12,"minecraft:magma_block":10,"minecraft:feather":19,"minecraft:cooked_beef":4,"minecraft:andesite":1,"minecraft:jungle_log":1,"minecraft:brown_wool":1,"minecraft:golden_leggings":1,"minecraft:smoker":6,"minecraft:potato":37,"minecraft:lapis_lazuli":52,"minecraft:dirt":98,"tombstone:familiar_receptacle":1,"born_in_chaos_v1:monster_skin":6,"minecraft:bone":125,"minecraft:glass":1,"botania:cyan_mystical_flower":1,"iceandfire:myrmex_jungle_resin":8,"minecraft:bow":4,"minecraft:wheat_seeds":392,"minecraft:raw_gold":6,"tombstone:scroll_of_reach":1,"minecraft:oak_planks":27,"iceandfire:dragonscales_amythest":3,"patchouli:guide_book":2,"iceandfire:dragon_skull_fire":2,"minecraft:jungle_planks":1,"minecraft:ink_sac":2,"minecraft:grass_block":2,"iceandfire:lightning_dragon_heart":6,"minecraft:dark_oak_log":3,"iceandfire:myrmex_stinger":9,"minecraft:red_terracotta":2,"minecraft:bundle":2,"minecraft:sugar":2,"born_in_chaos_v1:fire_dust":1,"minecraft:diamond":4,"iceandfire:lectern":4,"iceandfire:dragonbone_sword_fire":1,"minecraft:grass":57,"minecraft:granite":9,"minecraft:bone_meal":14,"iceandfire:myrmex_jungle_biolight":1,"minecraft:emerald":40,"iceandfire:troll_leather_forest":1,"minecraft:oak_sapling":24,"born_in_chaos_v1:rotten_fish":21,"minecraft:netherrack":1,"born_in_chaos_v1:sea_terror_stomach":1,"iceandfire:dragon_skull_lightning":9,"minecraft:charcoal":2,"minecraft:crafting_table":34,"born_in_chaos_v1:diamond_termite_shard":14,"minecraft:azure_bluet":2,"iceandfire:witherbone":21,"minecraft:chicken":3,"born_in_chaos_v1:river_mint":2,"born_in_chaos_v1:seedof_chaos":8,"born_in_chaos_v1:serpumpkinhead_m":2,"minecraft:wooden_pickaxe":1,"minecraft:gold_block":4,"minecraft:chain":1,"minecraft:cornflower":1,"minecraft:iron_axe":1,"minecraft:item_frame":9,"minecraft:beef":124,"immersive_armors:wooden_leggings":1,"born_in_chaos_v1:gnawed_bones":2,"iceandfire:dragonscales_electric":13,"minecraft:jungle_sapling":1,"minecraft:iron_nugget":16,"minecraft:poppy":3,"minecraft:light_gray_wool":2,"minecraft:sugar_cane":38,"minecraft:chest":16,"minecraft:birch_sapling":1,"minecraft:egg":14,"iceandfire:dragonscales_green":1,"minecraft:raw_iron":88,"iceandfire:dragonbone":144,"minecraft:stone":3,"iceandfire:troll_tusk":1,"minecraft:copper_ingot":1,"minecraft:fire_charge":6,"born_in_chaos_v1:pieceofdarkmetal":22,"minecraft:carrot":17,"minecraft:iron_horse_armor":1,"botania:black_lotus":1,"iceandfire:silver_ingot":3,"immersive_armors:wooden_helmet":1,"minecraft:arrow":22,"iceandfire:cyclops_eye":1,"botania:lime_mystical_flower":1,"minecraft:beetroot_seeds":10,"born_in_chaos_v1:wood_splitter_axe":1,"minecraft:shears":1,"minecraft:hay_block":114,"minecraft:gold_ingot":3,"born_in_chaos_v1:spiny_shell":24,"minecraft:totem_of_undying":2,"tombstone:essence_of_undeath":3,"iceandfire:troll_weapon_trunk":1,"minecraft:mutton":87,"iceandfire:jungle_myrmex_cocoon":2,"minecraft:skeleton_skull":1,"minecraft:white_wool":86,"born_in_chaos_v1:fused_bone":4,"born_in_chaos_v1:corpse_maggot":24,"iceandfire:sea_serpent_fang":4,"born_in_chaos_v1:monster_flesh":3,"born_in_chaos_v1:pumpkin_staff":2,"minecraft:glow_ink_sac":7,"minecraft:leather":121,"iceandfire:troll_leather_mountain":2,"minecraft:oak_log":163,"artifacts:cloud_in_a_bottle":1,"iceandfire:ectoplasm":1,"minecraft:yellow_bed":3,"botania:flower_bag":1,"minecraft:gunpowder":9,"mca:book_romance":1,"iceandfire:myrmex_resin_jungle":4,"minecraft:paper":20,"minecraft:orange_terracotta":1,"chococraft:chocobo_feather":7,"immersive_armors:warrior_leggings":1,"chococraft:gysahl_green":398,"born_in_chaos_v1:soul_cutlass":1,"minecraft:apple":11,"minecraft:stone_bricks":4,"chococraft:gold_gysahl":6,"minecraft:kelp":1,"minecraft:iron_ingot":24,"minecraft:cooked_chicken":16,"minecraft:cobweb":5,"minecraft:gray_bed":38,"iceandfire:sea_serpent_scales_deepblue":2,"minecraft:iron_sword":1,"minecraft:book":27,"minecraft:oak_slab":13,"iceandfire:copper_nugget":64,"minecraft:pumpkin":20,"iceandfire:ash":1,"born_in_chaos_v1:ethereal_spirit":11,"minecraft:dandelion":9,"minecraft:gravel":2,"born_in_chaos_v1:dark_rod":2,"chococraft:gysahl_green_seeds":142,"tombstone:decorative_grave_simple":1,"minecraft:white_bed":5,"minecraft:spider_eye":8,"minecraft:slime_ball":2,"immersive_armors:wooden_chestplate":1,"iceandfire:myrmex_jungle_egg":6,"minecraft:gray_wool":9,"immersive_armors:heavy_boots":1,"minecraft:terracotta":7,"tombstone:magic_scroll":5,"minecraft:black_wool":1,"minecraft:dark_oak_wood":5,"botania:brown_mystical_flower":5,"immersive_armors:wooden_boots":1,"minecraft:coal":180,"minecraft:sunflower":2,"minecraft:ender_pearl":5},"minecraft:broken":{"minecraft:golden_helmet":1,"immersive_armors:wooden_leggings":2,"minecraft:iron_boots":1,"minecraft:iron_chestplate":1,"minecraft:iron_leggings":1,"minecraft:stone_pickaxe":2,"minecraft:stone_axe":2,"minecraft:bow":1,"immersive_armors:wooden_chestplate":2,"immersive_armors:wooden_boots":2,"immersive_armors:wooden_helmet":2,"minecraft:iron_axe":2,"minecraft:iron_helmet":1},"minecraft:custom":{"minecraft:animals_bred":5,"minecraft:interact_with_crafting_table":102,"minecraft:open_barrel":11,"minecraft:leave_game":5,"minecraft:time_since_death":31732,"minecraft:sprint_one_cm":1283610,"minecraft:drop":47,"minecraft:talked_to_villager":1,"minecraft:play_time":426942,"minecraft:deaths":61,"minecraft:interact_with_brewingstand":2,"minecraft:jump":13025,"minecraft:walk_on_water_one_cm":66889,"tombstone:steal_effect":6,"minecraft:interact_with_furnace":52,"minecraft:traded_with_villager":2,"minecraft:sleep_in_bed":28,"minecraft:damage_dealt":49644,"minecraft:crouch_one_cm":10675,"tombstone:undead_killed":65,"minecraft:interact_with_smoker":52,"minecraft:mob_kills":250,"minecraft:damage_dealt_resisted":794,"minecraft:climb_one_cm":10313,"minecraft:walk_one_cm":609871,"minecraft:sneak_time":5103,"minecraft:walk_under_water_one_cm":57573,"minecraft:interact_with_blast_furnace":1,"minecraft:total_world_time":426942,"tombstone:raider_killed":13,"minecraft:interact_with_stonecutter":2,"minecraft:time_since_rest":27155,"minecraft:damage_taken":32244,"minecraft:trigger_trapped_chest":7,"minecraft:swim_one_cm":154371,"minecraft:fly_one_cm":2342117,"minecraft:open_chest":305,"minecraft:fall_one_cm":435244},"minecraft:killed":{"illagerinvasion:archivist":3,"born_in_chaos_v1:mr_pumpkin":2,"minecraft:witch":1,"born_in_chaos_v1:restless_spirit":2,"born_in_chaos_v1:zombie_lumberjack":4,"born_in_chaos_v1:skeleton_demoman":1,"born_in_chaos_v1:sir_the_headless":1,"minecraft:spider":11,"born_in_chaos_v1:siamese_skeletonsright":2,"born_in_chaos_v1:baby_skeleton_minion":2,"illagerinvasion:basher":2,"born_in_chaos_v1:scarlet_persecutor":1,"minecraft:skeleton":14,"minecraft:chicken":1,"born_in_chaos_v1:skeleton_thrasher":1,"minecraft:turtle":8,"born_in_chaos_v1:firelight_not_despawn":1,"illagerinvasion:necromancer":1,"iceandfire:myrmex_worker":4,"born_in_chaos_v1:bonescaller":1,"minecraft:pig":8,"born_in_chaos_v1:diamond_termite":5,"minecraft:creeper":8,"iceandfire:cockatrice":4,"minecraft:sheep":19,"minecraft:zombie":19,"born_in_chaos_v1:dread_hound":5,"born_in_chaos_v1:corpse_fly":7,"iceandfire:myrmex_queen":2,"iceandfire:lightning_dragon":1,"born_in_chaos_v1:siamese_skeletonsleft":2,"minecraft:cow":34,"minecraft:evoker":2,"mca:male_zombie_villager":1,"minecraft:vindicator":3,"illagerinvasion:marauder":1,"born_in_chaos_v1:thornshell_crab":7,"born_in_chaos_v1:zombie_bruiser":1,"born_in_chaos_v1:maggot":13,"born_in_chaos_v1:pumpkinhead":1,"iceandfire:fire_dragon":1,"minecraft:drowned":4,"born_in_chaos_v1:corpse_fish":8,"iceandfire:myrmex_sentinel":1,"born_in_chaos_v1:barrel_zombie":1,"born_in_chaos_v1:fallen_chaos_knight":1,"iceandfire:cyclops":1,"born_in_chaos_v1:baby_skeleton":3,"majruszsdifficulty:cursed_armor":4,"born_in_chaos_v1:bloody_gadfly":1,"iceandfire:myrmex_soldier":3,"iceandfire:ghost":8,"minecraft:enderman":3},"minecraft:used":{"iceandfire:lectern":5,"iceandfire:tide_trident":4,"minecraft:poppy":1,"minecraft:chest":18,"minecraft:iron_sword":68,"minecraft:rotten_flesh":2,"minecraft:jungle_planks":1,"minecraft:carrot":1,"born_in_chaos_v1:soul_cutlass":455,"minecraft:glass":1,"minecraft:jungle_sapling":1,"born_in_chaos_v1:corpse_maggot":5,"tombstone:decorative_grave_simple":1,"minecraft:birch_sapling":1,"minecraft:grass_block":1,"born_in_chaos_v1:mint_candy":2,"born_in_chaos_v1:gnawed_bones":2,"immersive_armors:wooden_chestplate":1,"minecraft:bow":20,"minecraft:hay_block":1,"minecraft:oak_sapling":12,"minecraft:furnace":5,"minecraft:gray_bed":39,"minecraft:beetroot_seeds":7,"minecraft:egg":3,"minecraft:potato":19,"minecraft:seagrass":23,"immersive_armors:wooden_helmet":1,"minecraft:diorite":2,"minecraft:oak_planks":120,"minecraft:stone_pickaxe":268,"minecraft:wooden_pickaxe":8,"minecraft:sugar_cane":31,"minecraft:white_wool":2,"minecraft:blast_furnace":1,"iceandfire:dragonbone_sword_lightning":12,"minecraft:shears":2,"minecraft:melon_slice":83,"minecraft:bread":45,"tombstone:grave_key":16,"minecraft:red_terracotta":2,"minecraft:gravel":2,"born_in_chaos_v1:smoked_monster_flesh":2,"iceandfire:myrmex_resin_jungle":4,"minecraft:golden_helmet":1,"born_in_chaos_v1:river_mint":1,"minecraft:andesite":1,"minecraft:chain":1,"chococraft:gysahl_green":333,"minecraft:bone_meal":24,"minecraft:cobweb":25,"iceandfire:silver_sword":5,"minecraft:dead_bush":1,"minecraft:spruce_planks":1,"born_in_chaos_v1:smoked_fish":1,"born_in_chaos_v1:fried_maggot":8,"minecraft:cooked_chicken":16,"minecraft:netherrack":1,"minecraft:oak_door":2,"minecraft:torch":48,"minecraft:brewing_stand":1,"minecraft:dirt":92,"minecraft:spyglass":45,"minecraft:granite":9,"minecraft:brown_terracotta":1,"minecraft:wooden_axe":41,"minecraft:light_weighted_pressure_plate":1,"minecraft:iron_axe":435,"minecraft:golden_carrot":11,"minecraft:beef":3,"tombstone:gift":9,"minecraft:cooked_beef":5,"minecraft:orange_terracotta":1,"minecraft:cherry_log":3,"minecraft:golden_axe":22,"minecraft:wheat_seeds":203,"minecraft:cooked_mutton":30,"tombstone:scroll_of_knowledge":2,"minecraft:water_bucket":6,"iceandfire:myrmex_jungle_biolight":1,"minecraft:terracotta":8,"minecraft:crafting_table":37,"simplyswords:iron_greataxe":21,"minecraft:white_bed":8,"minecraft:smoker":7,"minecraft:oak_log":1,"minecraft:apple":1,"chococraft:gysahl_green_seeds":142,"minecraft:sunflower":2,"minecraft:map":1,"minecraft:iron_pickaxe":214,"tombstone:magic_scroll":1,"iceandfire:ash":1,"minecraft:yellow_wool":1,"minecraft:stone_axe":127,"immersive_armors:wooden_boots":1,"minecraft:cobblestone":22,"minecraft:bucket":7,"minecraft:yellow_bed":3,"immersive_armors:wooden_leggings":1,"iceandfire:myrmex_resin_sticky_jungle":2},"minecraft:crafted":{"minecraft:smooth_stone":3,"minecraft:oak_planks":228,"usefulbackpacks:backpack_small":2,"iceandfire:lectern":1,"minecraft:stone":8,"minecraft:bookshelf":10,"minecraft:cooked_mutton":40,"immersive_armors:wooden_chestplate":4,"minecraft:bow":3,"minecraft:iron_boots":1,"iceandfire:dragonbone_sword_lightning":1,"minecraft:chest":2,"immersive_armors:wooden_helmet":4,"minecraft:gray_bed":2,"born_in_chaos_v1:pileof_dark_metal":2,"minecraft:smoker":1,"minecraft:oak_slab":24,"minecraft:emerald":2,"born_in_chaos_v1:mint_candy":2,"born_in_chaos_v1:smoked_fish":1,"minecraft:cooked_porkchop":1,"minecraft:crafting_table":3,"minecraft:wooden_pickaxe":1,"tombstone:decorative_grave_simple":1,"immersive_armors:wooden_leggings":4,"minecraft:gold_block":20,"minecraft:hay_block":4,"botania:lime_petal":2,"immersive_armors:wooden_boots":4,"minecraft:book":1,"minecraft:iron_chestplate":1,"minecraft:charcoal":9,"minecraft:stick":68,"minecraft:iron_ingot":31,"usefulbackpacks:backpack_large":2,"minecraft:iron_pickaxe":2,"minecraft:iron_block":6,"minecraft:gold_ingot":178,"xpbook:xp_tome":1,"minecraft:shears":1,"minecraft:oak_door":3,"minecraft:spyglass":1,"minecraft:furnace":1,"minecraft:blast_furnace":1,"minecraft:bone_meal":10,"born_in_chaos_v1:smoked_monster_flesh":3,"minecraft:leather":2,"minecraft:iron_axe":3,"iceandfire:myrmex_jungle_staff":1,"born_in_chaos_v1:fried_maggot":10,"botania:flower_bag":1,"minecraft:stone_pickaxe":3,"usefulbackpacks:backpack_medium":2,"minecraft:dark_oak_planks":32,"minecraft:wheat":432,"minecraft:cooked_beef":20,"iceandfire:dragonbone_sword":1,"iceandfire:dragon_meal":6,"iceandfire:tide_trident":1,"minecraft:stone_axe":3,"minecraft:bread":158,"minecraft:air":0,"minecraft:jungle_planks":4,"iceandfire:bestiary":1,"tombstone:grave_plate":1,"tombstone:dark_marble":3,"minecraft:wooden_axe":3,"minecraft:iron_shovel":1,"minecraft:iron_leggings":2,"minecraft:white_bed":3,"minecraft:torch":52},"minecraft:killed_by":{"iceandfire:cyclops":3,"minecraft:vex":1,"iceandfire:lightning_dragon":3,"iceandfire:cockatrice":2},"minecraft:dropped":{"minecraft:iron_sword":1,"minecraft:cooked_beef":19,"born_in_chaos_v1:fried_maggot":2,"minecraft:glow_ink_sac":5,"minecraft:cooked_porkchop":1,"minecraft:leather":18,"immersive_armors:wooden_leggings":1,"minecraft:iron_pickaxe":1,"immersive_armors:wooden_chestplate":1,"minecraft:stone_axe":1,"minecraft:iron_nugget":4,"botania:brown_mystical_flower":5,"minecraft:wheat":1,"immersive_armors:wooden_boots":1,"minecraft:beetroot":1,"minecraft:rotten_flesh":7,"minecraft:cooked_mutton":10,"botania:cyan_double_flower":1,"minecraft:beef":2,"iceandfire:manuscript":4,"minecraft:bread":70,"minecraft:wheat_seeds":3,"minecraft:cobblestone":50,"minecraft:tropical_fish":1,"minecraft:coal":8,"born_in_chaos_v1:pumpkin_staff":1,"minecraft:torch":12,"botania:lime_petal":1,"minecraft:iron_axe":1,"minecraft:furnace":1,"iceandfire:witherbone":1,"born_in_chaos_v1:smoked_monster_flesh":1,"iceandfire:dragonbone_sword_fire":1,"minecraft:hay_block":1,"botania:cyan_mystical_flower":1,"minecraft:spider_eye":2,"minecraft:stone_pickaxe":1,"minecraft:wooden_pickaxe":2,"immersive_armors:wooden_helmet":1,"chococraft:gysahl_green":1}},"DataVersion":3465}