{"stats":{"minecraft:killed":{"illagerinvasion:archivist":3,"born_in_chaos_v1:mr_pumpkin":13,"born_in_chaos_v1:zombie_lumberjack":1,"minecraft:vindicator":1,"minecraft:spider":10,"born_in_chaos_v1:thornshell_crab":5,"born_in_chaos_v1:maggot":9,"minecraft:skeleton":5,"minecraft:chicken":6,"illagerinvasion:provoker":1,"minecraft:silverfish":13,"born_in_chaos_v1:corpse_fish":3,"born_in_chaos_v1:barrel_zombie":3,"born_in_chaos_v1:felsteed":1,"minecraft:pig":5,"born_in_chaos_v1:swarmer":1,"born_in_chaos_v1:diamond_termite":5,"born_in_chaos_v1:baby_skeleton":1,"born_in_chaos_v1:spirit_guide_assistant":1,"minecraft:bat":1,"majruszsdifficulty:cursed_armor":1,"minecraft:creeper":2,"born_in_chaos_v1:decrepit_skeleton":1,"minecraft:sheep":4,"minecraft:zombie":12,"born_in_chaos_v1:corpse_fly":10,"iceandfire:lightning_dragon":1,"minecraft:cow":9},"minecraft:mined":{"minecraft:stone_pressure_plate":12,"iceandfire:silver_ore":3,"minecraft:mossy_cobblestone":11,"born_in_chaos_v1:infected_diamond_ore":4,"minecraft:grass_block":5,"minecraft:infested_cobblestone":24,"minecraft:light_gray_bed":1,"minecraft:hay_block":19,"minecraft:furnace":14,"minecraft:sticky_piston":15,"minecraft:iron_ore":23,"minecraft:fire":26,"minecraft:andesite":2,"minecraft:deepslate_lapis_ore":6,"minecraft:azure_bluet":1,"minecraft:vine":3,"minecraft:deepslate_iron_ore":23,"minecraft:stone":83,"minecraft:orange_bed":13,"minecraft:piston_head":2,"minecraft:glass_pane":2,"born_in_chaos_v1:marigolds":2,"minecraft:observer":6,"minecraft:dandelion":1,"minecraft:crafting_table":13,"minecraft:dead_bush":23,"minecraft:cobblestone":22,"minecraft:tall_grass":116,"minecraft:sugar_cane":2,"minecraft:diorite":4,"minecraft:wall_torch":2,"minecraft:repeater":17,"iceandfire:crackled_stone":1,"minecraft:wheat":20,"born_in_chaos_v1:river_mint":1,"minecraft:grass":363,"minecraft:coal_ore":55,"minecraft:sand":13,"minecraft:gravel":1,"minecraft:dirt":2,"minecraft:dispenser":1,"minecraft:mossy_stone_bricks":2,"minecraft:stone_bricks":1,"born_in_chaos_v1:infernal_evil_pumpkin_s":1,"minecraft:gold_ore":8,"minecraft:oak_leaves":12,"minecraft:deepslate":3,"minecraft:fern":8},"minecraft:crafted":{"minecraft:oak_planks":44,"iceandfire:armor_copper_boots":1,"minecraft:cooked_chicken":3,"born_in_chaos_v1:spiny_shell_armor_chestplate":1,"usefulbackpacks:backpack_small":1,"minecraft:furnace":4,"minecraft:cooked_mutton":3,"immersive_armors:wooden_chestplate":2,"minecraft:glass":3,"born_in_chaos_v1:spiny_shell_armor_helmet":1,"minecraft:iron_boots":2,"born_in_chaos_v1:fried_maggot":2,"usefulbackpacks:backpack_medium":1,"immersive_armors:wooden_helmet":2,"minecraft:wheat":180,"minecraft:cooked_beef":14,"minecraft:glass_bottle":3,"iceandfire:silver_ingot":3,"minecraft:cooked_porkchop":11,"minecraft:crafting_table":3,"minecraft:iron_helmet":1,"minecraft:baked_potato":12,"minecraft:iron_sword":2,"immersive_armors:wooden_leggings":2,"minecraft:bucket":2,"iceandfire:armor_copper_leggings":1,"minecraft:orange_dye":1,"minecraft:bread":68,"minecraft:air":0,"immersive_armors:wooden_boots":2,"iceandfire:armor_copper_chestplate":1,"minecraft:iron_chestplate":1,"minecraft:shield":2,"minecraft:stick":12,"usefulbackpacks:backpack_large":1,"minecraft:iron_ingot":45,"minecraft:iron_pickaxe":1,"minecraft:stone_sword":1,"minecraft:iron_leggings":2,"minecraft:gold_ingot":3,"iceandfire:armor_copper_helmet":1,"minecraft:white_bed":1,"minecraft:torch":64,"minecraft:orange_bed":1,"minecraft:shears":1},"minecraft:used":{"minecraft:stone_sword":142,"minecraft:shield":45,"minecraft:iron_sword":572,"born_in_chaos_v1:fried_maggot":4,"minecraft:cooked_chicken":5,"minecraft:orange_bed":14,"minecraft:torch":71,"minecraft:dirt":4,"minecraft:lava_bucket":31,"minecraft:totem_of_undying":1,"minecraft:stone_bricks":1,"minecraft:bow":51,"minecraft:oak_sapling":2,"minecraft:furnace":15,"tombstone:gift":3,"minecraft:egg":9,"minecraft:stone_pressure_plate":12,"minecraft:cooked_beef":19,"minecraft:enchanted_golden_apple":1,"minecraft:cooked_mutton":3,"minecraft:water_bucket":67,"minecraft:diorite":3,"minecraft:baked_potato":4,"minecraft:stone_pickaxe":126,"iceandfire:dragon_skull_lightning":1,"minecraft:wooden_pickaxe":9,"iceandfire:crackled_stone":1,"minecraft:mossy_cobblestone":2,"minecraft:golden_apple":1,"minecraft:crafting_table":15,"minecraft:shears":22,"minecraft:apple":1,"minecraft:bread":60,"minecraft:iron_pickaxe":237,"minecraft:stone_axe":45,"minecraft:cobblestone":70,"minecraft:cooked_porkchop":9,"minecraft:andesite":2,"minecraft:bucket":100,"minecraft:bone_meal":1},"minecraft:dropped":{"minecraft:bread":1,"minecraft:wheat_seeds":70,"minecraft:golden_helmet":1,"minecraft:cherry_log":1,"minecraft:mossy_cobblestone":22,"minecraft:glow_item_frame":1,"minecraft:observer":8,"minecraft:feather":5,"minecraft:iron_helmet":1,"minecraft:prismarine_crystals":4,"minecraft:scute":3,"iceandfire:ectoplasm":2,"minecraft:leather_helmet":2,"minecraft:stick":4,"minecraft:dirt":3,"born_in_chaos_v1:pumpkin_staff":3,"born_in_chaos_v1:spiny_shell_armor_chestplate":2,"minecraft:diorite":2,"born_in_chaos_v1:river_mint":1,"iceandfire:copper_nugget":152,"minecraft:dispenser":1,"immersive_armors:wooden_leggings":3,"minecraft:repeater":17,"minecraft:map":1,"tombstone:grave_dust":2,"artifacts:crystal_heart":1,"minecraft:bone_meal":1,"minecraft:sunflower":3,"immersive_armors:wooden_chestplate":3,"minecraft:paper":3,"minecraft:bone":3,"minecraft:furnace":1,"minecraft:kelp":3,"minecraft:sugar_cane":2,"minecraft:iron_nugget":4,"minecraft:golden_chestplate":1,"minecraft:cobbled_deepslate":3,"minecraft:raw_iron":1,"minecraft:wheat":2,"immersive_armors:wooden_boots":3,"born_in_chaos_v1:rotten_fish":7,"born_in_chaos_v1:ethereal_spirit":1,"minecraft:beetroot":2,"minecraft:chicken":1,"minecraft:rotten_flesh":1,"born_in_chaos_v1:smoked_monster_flesh":2,"minecraft:oak_planks":23,"minecraft:iron_boots":1,"minecraft:azure_bluet":1,"patchouli:guide_book":1,"minecraft:leather_chestplate":2,"minecraft:gunpowder":1,"minecraft:iron_chestplate":1,"minecraft:jungle_log":1,"minecraft:mossy_stone_bricks":4,"born_in_chaos_v1:corpse_maggot":7,"minecraft:oak_sapling":2,"minecraft:stone_pressure_plate":2,"minecraft:leather_leggings":2,"minecraft:stone_bricks":1,"minecraft:bamboo":38,"iceandfire:dragon_skull_lightning":1,"botania:light_gray_mystical_flower":2,"minecraft:wooden_pickaxe":1,"iceandfire:manuscript":2,"born_in_chaos_v1:marigolds":1,"immersive_armors:wooden_helmet":3},"minecraft:picked_up":{"iceandfire:dragon_skull_lightning":2,"minecraft:crafting_table":13,"born_in_chaos_v1:diamond_termite_shard":5,"minecraft:wheat":20,"minecraft:azure_bluet":1,"born_in_chaos_v1:smoked_monster_flesh":2,"minecraft:chicken":6,"born_in_chaos_v1:river_mint":1,"minecraft:leather_leggings":1,"minecraft:wooden_pickaxe":1,"minecraft:sticky_piston":17,"minecraft:string":11,"minecraft:item_frame":9,"minecraft:beetroot":2,"minecraft:cobbled_deepslate":3,"minecraft:beef":15,"immersive_armors:wooden_leggings":1,"minecraft:observer":8,"minecraft:iron_nugget":3,"minecraft:sugar_cane":2,"minecraft:furnace":13,"minecraft:egg":9,"minecraft:golden_helmet":1,"minecraft:stick":26,"minecraft:raw_iron":46,"iceandfire:dragonbone":19,"minecraft:glow_item_frame":1,"minecraft:torch":15,"minecraft:porkchop":12,"iceandfire:lightning_dragon_flesh":3,"minecraft:cherry_log":1,"minecraft:diorite":5,"minecraft:golden_chestplate":1,"minecraft:prismarine_crystals":4,"minecraft:light_gray_bed":1,"minecraft:stone_pressure_plate":14,"minecraft:orange_bed":13,"immersive_armors:wooden_helmet":1,"born_in_chaos_v1:fried_maggot":2,"minecraft:arrow":7,"minecraft:rotten_flesh":26,"botania:light_gray_mystical_flower":2,"minecraft:hay_block":20,"minecraft:totem_of_undying":1,"born_in_chaos_v1:spiny_shell":16,"minecraft:mutton":6,"minecraft:white_wool":45,"minecraft:cobblestone":104,"born_in_chaos_v1:corpse_maggot":7,"minecraft:leather_chestplate":1,"minecraft:feather":5,"minecraft:cooked_beef":6,"minecraft:repeater":17,"minecraft:jungle_log":1,"born_in_chaos_v1:pumpkin_staff":4,"minecraft:andesite":2,"minecraft:leather":15,"minecraft:oak_log":63,"iceandfire:ectoplasm":1,"minecraft:gunpowder":1,"minecraft:map":1,"minecraft:lapis_lazuli":47,"minecraft:dirt":7,"minecraft:paper":5,"born_in_chaos_v1:marigolds":2,"chococraft:chocobo_feather":3,"minecraft:glass":4,"minecraft:bone":12,"minecraft:stone_bricks":2,"minecraft:kelp":3,"minecraft:bow":1,"minecraft:wheat_seeds":190,"minecraft:raw_gold":8,"minecraft:stone_pickaxe":1,"minecraft:cooked_chicken":2,"minecraft:mossy_stone_bricks":4,"minecraft:bamboo":38,"minecraft:oak_planks":22,"minecraft:book":2,"iceandfire:copper_nugget":152,"minecraft:cooked_porkchop":1,"born_in_chaos_v1:ethereal_spirit":1,"minecraft:sand":19,"iceandfire:lightning_dragon_heart":2,"minecraft:mossy_cobblestone":24,"usefulbackpacks:backpack_large":1,"minecraft:leather_helmet":1,"iceandfire:dragonscales_copper":29,"born_in_chaos_v1:spiny_shell_armor_chestplate":1,"minecraft:dispenser":1,"artifacts:crystal_heart":1,"iceandfire:crackled_stone":1,"minecraft:stone_axe":1,"immersive_armors:wooden_chestplate":1,"minecraft:scute":3,"minecraft:bone_meal":2,"minecraft:grass":57,"minecraft:emerald":12,"minecraft:bread":20,"minecraft:oak_sapling":4,"born_in_chaos_v1:rotten_fish":7,"minecraft:black_wool":1,"immersive_armors:wooden_boots":1,"minecraft:coal":115,"iceandfire:raw_silver":3},"minecraft:custom":{"minecraft:inspect_dropper":6,"minecraft:mob_kills":140,"minecraft:interact_with_crafting_table":40,"minecraft:open_barrel":2,"minecraft:bell_ring":4,"minecraft:damage_dealt_resisted":650,"minecraft:leave_game":2,"minecraft:time_since_death":13062,"minecraft:climb_one_cm":8880,"minecraft:damage_resisted":93,"minecraft:sprint_one_cm":621136,"minecraft:walk_one_cm":491043,"minecraft:damage_blocked_by_shield":1353,"minecraft:drop":187,"minecraft:play_time":215657,"minecraft:sneak_time":4580,"minecraft:deaths":13,"minecraft:walk_under_water_one_cm":62756,"minecraft:jump":4268,"minecraft:walk_on_water_one_cm":36541,"minecraft:total_world_time":215657,"minecraft:interact_with_furnace":71,"tombstone:raider_killed":5,"minecraft:sleep_in_bed":10,"minecraft:time_since_rest":12505,"minecraft:damage_taken":9656,"minecraft:damage_absorbed":272,"minecraft:trigger_trapped_chest":1,"minecraft:damage_dealt":19719,"minecraft:swim_one_cm":91318,"minecraft:fly_one_cm":942460,"minecraft:open_chest":28,"minecraft:crouch_one_cm":8590,"tombstone:undead_killed":25,"minecraft:inspect_dispenser":53,"minecraft:interact_with_smoker":9,"minecraft:fall_one_cm":119536},"minecraft:broken":{"immersive_armors:wither_boots":1,"minecraft:stone_sword":1,"minecraft:iron_leggings":1,"born_in_chaos_v1:spiny_shell_armor_helmet":1,"minecraft:stone_pickaxe":1,"minecraft:shield":2,"minecraft:stone_axe":1,"minecraft:iron_sword":1}},"DataVersion":3465}