{"stats":{"minecraft:mined":{"iceandfire:silver_ore":3,"born_in_chaos_v1:infected_diamond_ore":4,"minecraft:grass_block":2,"minecraft:furnace":12,"minecraft:iron_ore":23,"minecraft:fire":10,"minecraft:andesite":2,"minecraft:deepslate_lapis_ore":6,"minecraft:azure_bluet":1,"minecraft:deepslate_iron_ore":23,"minecraft:stone":83,"minecraft:orange_bed":7,"born_in_chaos_v1:marigolds":2,"minecraft:dandelion":1,"minecraft:crafting_table":9,"minecraft:tall_grass":99,"minecraft:sugar_cane":2,"minecraft:diorite":3,"minecraft:wheat":20,"born_in_chaos_v1:river_mint":1,"minecraft:grass":302,"minecraft:coal_ore":51,"minecraft:gravel":1,"minecraft:dirt":1,"born_in_chaos_v1:infernal_evil_pumpkin_s":1,"minecraft:gold_ore":8,"minecraft:oak_leaves":8,"minecraft:deepslate":3},"minecraft:picked_up":{"minecraft:crafting_table":9,"born_in_chaos_v1:diamond_termite_shard":5,"minecraft:wheat":20,"minecraft:azure_bluet":1,"minecraft:chicken":5,"born_in_chaos_v1:smoked_monster_flesh":2,"born_in_chaos_v1:river_mint":1,"minecraft:leather_leggings":1,"minecraft:wooden_pickaxe":1,"minecraft:string":9,"minecraft:beetroot":2,"minecraft:cobbled_deepslate":3,"minecraft:beef":15,"immersive_armors:wooden_leggings":1,"minecraft:sugar_cane":2,"minecraft:furnace":11,"minecraft:egg":5,"minecraft:stick":2,"minecraft:raw_iron":46,"minecraft:torch":12,"minecraft:porkchop":10,"minecraft:diorite":4,"minecraft:prismarine_crystals":4,"minecraft:orange_bed":7,"born_in_chaos_v1:fried_maggot":2,"immersive_armors:wooden_helmet":1,"minecraft:arrow":5,"minecraft:rotten_flesh":16,"minecraft:hay_block":1,"born_in_chaos_v1:spiny_shell":13,"minecraft:mutton":6,"minecraft:white_wool":45,"minecraft:cobblestone":82,"born_in_chaos_v1:corpse_maggot":5,"minecraft:leather_chestplate":1,"minecraft:feather":5,"minecraft:cooked_beef":6,"born_in_chaos_v1:pumpkin_staff":2,"minecraft:andesite":2,"minecraft:leather":15,"minecraft:oak_log":63,"minecraft:gunpowder":1,"minecraft:lapis_lazuli":47,"minecraft:dirt":3,"born_in_chaos_v1:marigolds":2,"chococraft:chocobo_feather":3,"minecraft:bone":8,"minecraft:kelp":3,"minecraft:bow":1,"minecraft:wheat_seeds":173,"minecraft:raw_gold":8,"minecraft:stone_pickaxe":1,"minecraft:cooked_chicken":2,"minecraft:oak_planks":22,"minecraft:cooked_porkchop":1,"born_in_chaos_v1:ethereal_spirit":1,"usefulbackpacks:backpack_large":1,"minecraft:leather_helmet":1,"minecraft:stone_axe":1,"immersive_armors:wooden_chestplate":1,"minecraft:scute":3,"minecraft:bone_meal":2,"minecraft:grass":57,"minecraft:bread":20,"born_in_chaos_v1:rotten_fish":5,"minecraft:oak_sapling":4,"minecraft:coal":82,"minecraft:black_wool":1,"immersive_armors:wooden_boots":1,"iceandfire:raw_silver":3},"minecraft:broken":{"minecraft:stone_sword":1,"minecraft:stone_pickaxe":1,"minecraft:stone_axe":1,"minecraft:iron_sword":1},"minecraft:killed":{"born_in_chaos_v1:mr_pumpkin":13,"minecraft:spider":9,"born_in_chaos_v1:thornshell_crab":4,"born_in_chaos_v1:maggot":9,"minecraft:skeleton":5,"minecraft:chicken":5,"born_in_chaos_v1:corpse_fish":3,"born_in_chaos_v1:barrel_zombie":3,"born_in_chaos_v1:felsteed":1,"minecraft:pig":5,"born_in_chaos_v1:diamond_termite":5,"born_in_chaos_v1:baby_skeleton":1,"born_in_chaos_v1:spirit_guide_assistant":1,"minecraft:bat":1,"minecraft:creeper":2,"minecraft:sheep":4,"minecraft:zombie":11,"born_in_chaos_v1:corpse_fly":4,"minecraft:cow":9},"minecraft:custom":{"minecraft:mob_kills":101,"minecraft:interact_with_crafting_table":31,"minecraft:bell_ring":4,"minecraft:damage_dealt_resisted":521,"minecraft:leave_game":1,"minecraft:time_since_death":22718,"minecraft:climb_one_cm":5077,"minecraft:sprint_one_cm":348637,"minecraft:walk_one_cm":260678,"minecraft:drop":68,"minecraft:play_time":111528,"minecraft:deaths":3,"minecraft:sneak_time":2253,"minecraft:walk_under_water_one_cm":33081,"minecraft:jump":2097,"minecraft:walk_on_water_one_cm":17258,"minecraft:total_world_time":111528,"minecraft:interact_with_furnace":62,"minecraft:sleep_in_bed":4,"minecraft:time_since_rest":3154,"minecraft:damage_taken":3842,"minecraft:damage_dealt":15191,"minecraft:swim_one_cm":68004,"minecraft:fly_one_cm":475857,"minecraft:open_chest":7,"minecraft:crouch_one_cm":4479,"tombstone:undead_killed":21,"minecraft:interact_with_smoker":9,"minecraft:fall_one_cm":55452},"minecraft:used":{"minecraft:stone_sword":142,"minecraft:iron_sword":416,"born_in_chaos_v1:fried_maggot":4,"minecraft:cooked_chicken":4,"minecraft:orange_bed":7,"minecraft:torch":24,"minecraft:dirt":1,"minecraft:lava_bucket":1,"minecraft:oak_sapling":2,"minecraft:furnace":13,"tombstone:gift":1,"minecraft:egg":5,"minecraft:cooked_beef":13,"minecraft:cooked_mutton":3,"minecraft:water_bucket":1,"minecraft:diorite":3,"minecraft:stone_pickaxe":126,"minecraft:wooden_pickaxe":9,"minecraft:crafting_table":10,"minecraft:shears":22,"minecraft:bread":19,"minecraft:iron_pickaxe":113,"minecraft:stone_axe":45,"minecraft:cobblestone":39,"minecraft:cooked_porkchop":9,"minecraft:bucket":4,"minecraft:andesite":2,"minecraft:bone_meal":1},"minecraft:crafted":{"minecraft:oak_planks":44,"minecraft:cooked_chicken":3,"born_in_chaos_v1:spiny_shell_armor_chestplate":1,"usefulbackpacks:backpack_small":1,"minecraft:furnace":3,"minecraft:cooked_mutton":3,"immersive_armors:wooden_chestplate":2,"born_in_chaos_v1:spiny_shell_armor_helmet":1,"minecraft:iron_boots":1,"born_in_chaos_v1:fried_maggot":2,"usefulbackpacks:backpack_medium":1,"immersive_armors:wooden_helmet":2,"minecraft:wheat":9,"minecraft:cooked_beef":14,"minecraft:cooked_porkchop":9,"iceandfire:silver_ingot":3,"minecraft:crafting_table":2,"minecraft:baked_potato":4,"minecraft:iron_helmet":1,"minecraft:iron_sword":2,"immersive_armors:wooden_leggings":2,"minecraft:bucket":2,"minecraft:orange_dye":1,"minecraft:bread":11,"minecraft:air":0,"immersive_armors:wooden_boots":2,"minecraft:iron_chestplate":1,"minecraft:shield":1,"minecraft:stick":12,"usefulbackpacks:backpack_large":1,"minecraft:iron_ingot":45,"minecraft:iron_pickaxe":1,"minecraft:stone_sword":1,"minecraft:iron_leggings":1,"minecraft:gold_ingot":3,"minecraft:white_bed":1,"minecraft:torch":12,"minecraft:orange_bed":1,"minecraft:shears":1},"minecraft:dropped":{"minecraft:bread":1,"minecraft:wheat_seeds":70,"minecraft:iron_helmet":1,"minecraft:feather":5,"minecraft:prismarine_crystals":4,"minecraft:scute":3,"minecraft:leather_helmet":2,"minecraft:stick":1,"minecraft:dirt":2,"born_in_chaos_v1:pumpkin_staff":1,"born_in_chaos_v1:river_mint":1,"minecraft:diorite":1,"immersive_armors:wooden_leggings":3,"tombstone:grave_dust":1,"minecraft:sunflower":3,"minecraft:bone_meal":1,"immersive_armors:wooden_chestplate":3,"minecraft:kelp":3,"minecraft:sugar_cane":2,"minecraft:cobbled_deepslate":3,"immersive_armors:wooden_boots":3,"born_in_chaos_v1:ethereal_spirit":1,"born_in_chaos_v1:rotten_fish":5,"minecraft:beetroot":2,"minecraft:rotten_flesh":1,"born_in_chaos_v1:smoked_monster_flesh":2,"minecraft:oak_planks":23,"minecraft:iron_boots":1,"minecraft:azure_bluet":1,"patchouli:guide_book":1,"minecraft:leather_chestplate":2,"minecraft:gunpowder":1,"minecraft:iron_chestplate":1,"born_in_chaos_v1:corpse_maggot":5,"minecraft:oak_sapling":2,"minecraft:leather_leggings":2,"minecraft:wooden_pickaxe":1,"born_in_chaos_v1:marigolds":1,"immersive_armors:wooden_helmet":3}},"DataVersion":3465}