{"stats":{"minecraft:mined":{"minecraft:stone_pressure_plate":12,"minecraft:white_bed":18,"minecraft:jungle_leaves":1,"minecraft:grass_block":27,"minecraft:infested_cobblestone":24,"minecraft:light_gray_bed":2,"minecraft:polished_diorite":1,"minecraft:oxeye_daisy":1,"minecraft:magma_block":1,"minecraft:glowstone":1,"minecraft:iron_ore":31,"minecraft:sticky_piston":15,"minecraft:cobbled_deepslate":2,"minecraft:fire":178,"minecraft:deepslate_lapis_ore":6,"minecraft:azure_bluet":1,"chococraft:gysahl_green":1,"minecraft:sculk_shrieker":1,"minecraft:azalea":1,"minecraft:orange_bed":14,"minecraft:piston_head":2,"minecraft:powder_snow":117,"minecraft:torch":7,"minecraft:dead_bush":24,"minecraft:cobblestone":104,"minecraft:sugar_cane":2,"minecraft:wall_torch":5,"minecraft:seagrass":1,"minecraft:repeater":17,"iceandfire:crackled_stone":1,"minecraft:wheat":20,"born_in_chaos_v1:river_mint":1,"minecraft:grass":517,"minecraft:oak_log":8,"minecraft:dirt":56,"minecraft:sand":13,"born_in_chaos_v1:infernal_evil_pumpkin_s":1,"minecraft:dispenser":1,"minecraft:oak_leaves":30,"minecraft:deepslate":8,"iceandfire:silver_ore":3,"minecraft:mossy_cobblestone":11,"minecraft:deepslate_diamond_ore":2,"born_in_chaos_v1:infected_diamond_ore":6,"minecraft:kelp":2,"minecraft:hay_block":19,"minecraft:spore_blossom":1,"minecraft:furnace":15,"minecraft:chiseled_sandstone":2,"minecraft:andesite":5,"minecraft:vine":3,"minecraft:deepslate_iron_ore":28,"minecraft:bamboo":1,"minecraft:stone":125,"minecraft:glass_pane":2,"born_in_chaos_v1:marigolds":2,"minecraft:observer":6,"minecraft:dandelion":1,"minecraft:crafting_table":20,"minecraft:emerald_ore":1,"minecraft:tall_grass":139,"minecraft:deepslate_gold_ore":1,"minecraft:lapis_ore":1,"minecraft:diorite":4,"minecraft:black_wall_banner":1,"minecraft:birch_leaves":1,"minecraft:coal_ore":67,"minecraft:gravel":1,"minecraft:stone_bricks":1,"minecraft:mossy_stone_bricks":2,"minecraft:gold_ore":8,"minecraft:fern":8},"minecraft:picked_up":{"minecraft:wheat":20,"minecraft:string":20,"iceandfire:sea_serpent_scales_teal":5,"minecraft:cooked_salmon":1,"minecraft:sticky_piston":17,"minecraft:beetroot":2,"minecraft:gold_nugget":18,"minecraft:cobbled_deepslate":15,"minecraft:rose_bush":1,"minecraft:azalea":1,"minecraft:iron_pickaxe":2,"minecraft:melon_slice":38,"minecraft:furnace":15,"minecraft:tipped_arrow":1,"minecraft:golden_helmet":1,"minecraft:stick":52,"minecraft:big_dripleaf":1,"minecraft:brown_terracotta":1,"born_in_chaos_v1:phantom_powder":1,"minecraft:torch":28,"minecraft:porkchop":43,"iceandfire:lightning_dragon_flesh":17,"minecraft:cherry_log":1,"iceandfire:rotten_egg":2,"iceandfire:crackled_gravel":17,"iceandfire:lightning_dragon_blood":3,"tombstone:grave_dust":4,"minecraft:diorite":5,"minecraft:golden_chestplate":1,"minecraft:orange_bed":14,"born_in_chaos_v1:fried_maggot":2,"minecraft:light_gray_bed":2,"minecraft:rotten_flesh":97,"botania:light_gray_mystical_flower":2,"minecraft:tropical_fish":5,"born_in_chaos_v1:sea_terror_eye":2,"iceandfire:fire_dragon_heart":1,"minecraft:bookshelf":10,"chococraft:chocobo_drumstick_cooked":1,"minecraft:cod":1,"minecraft:snowball":1,"minecraft:cobblestone":310,"minecraft:magma_block":1,"minecraft:leather_chestplate":1,"minecraft:lilac":6,"minecraft:feather":27,"minecraft:cooked_beef":23,"minecraft:repeater":17,"minecraft:andesite":5,"minecraft:jungle_log":1,"minecraft:tuff":2,"minecraft:map":1,"minecraft:lapis_lazuli":52,"minecraft:dirt":167,"born_in_chaos_v1:monster_skin":4,"born_in_chaos_v1:marigolds":5,"minecraft:leather_boots":1,"minecraft:glass":4,"minecraft:bone":54,"minecraft:bow":3,"minecraft:wheat_seeds":309,"minecraft:raw_gold":9,"botania:purple_mystical_flower":2,"minecraft:glowstone_dust":2,"minecraft:mossy_stone_bricks":4,"minecraft:bamboo":50,"minecraft:moss_block":25,"minecraft:oak_planks":28,"iceandfire:dragonscales_amythest":12,"minecraft:cooked_porkchop":10,"iceandfire:dragon_skull_fire":1,"minecraft:sand":29,"iceandfire:lightning_dragon_heart":6,"minecraft:chiseled_sandstone":2,"minecraft:mossy_cobblestone":24,"minecraft:dispenser":1,"minecraft:diamond":2,"iceandfire:crackled_stone":1,"artifacts:crystal_heart":1,"iceandfire:dragonbone_sword_fire":2,"born_in_chaos_v1:sea_terror_stomach":1,"minecraft:granite":1,"minecraft:bone_meal":8,"minecraft:grass":57,"minecraft:emerald":20,"minecraft:bread":71,"iceandfire:troll_leather_forest":2,"minecraft:oak_sapling":10,"born_in_chaos_v1:rotten_fish":23,"iceandfire:raw_silver":3,"majruszsdifficulty:tattered_boots":1,"iceandfire:dragon_skull_lightning":4,"minecraft:crafting_table":23,"born_in_chaos_v1:diamond_termite_shard":8,"minecraft:azure_bluet":1,"iceandfire:witherbone":14,"born_in_chaos_v1:smoked_monster_flesh":2,"minecraft:chicken":6,"born_in_chaos_v1:river_mint":2,"minecraft:clay_ball":38,"born_in_chaos_v1:seedof_chaos":6,"minecraft:leather_leggings":1,"minecraft:brown_mushroom":1,"minecraft:wooden_pickaxe":1,"minecraft:moss_carpet":12,"born_in_chaos_v1:intoxicating_decoction":1,"minecraft:item_frame":9,"minecraft:beef":44,"minecraft:oak_boat":1,"immersive_armors:wooden_leggings":1,"minecraft:observer":8,"minecraft:jungle_sapling":4,"minecraft:iron_nugget":9,"minecraft:poppy":3,"minecraft:chest":1,"minecraft:sugar_cane":4,"iceandfire:dragonscales_electric":26,"minecraft:birch_sapling":2,"minecraft:egg":18,"minecraft:raw_iron":59,"iceandfire:dragonbone":68,"iceandfire:dragonscales_green":2,"iceandfire:troll_tusk":1,"minecraft:glow_item_frame":1,"minecraft:copper_ingot":3,"minecraft:fire_charge":4,"botania:pink_mushroom":1,"born_in_chaos_v1:pieceofdarkmetal":15,"minecraft:prismarine_crystals":4,"minecraft:stone_pressure_plate":14,"iceandfire:dragon_skull_ice":1,"minecraft:cooked_cod":5,"immersive_armors:wooden_helmet":1,"minecraft:arrow":36,"minecraft:hay_block":20,"born_in_chaos_v1:spiny_shell":18,"minecraft:black_banner":3,"minecraft:totem_of_undying":2,"iceandfire:troll_weapon_trunk":1,"minecraft:mutton":15,"minecraft:white_wool":51,"minecraft:oxeye_daisy":1,"born_in_chaos_v1:fused_bone":1,"born_in_chaos_v1:corpse_maggot":18,"born_in_chaos_v1:monster_flesh":4,"iceandfire:sea_serpent_fang":4,"born_in_chaos_v1:pumpkin_staff":4,"minecraft:glow_ink_sac":8,"minecraft:salmon":2,"minecraft:leather":50,"iceandfire:troll_leather_mountain":2,"minecraft:red_mushroom":4,"minecraft:oak_log":73,"iceandfire:ectoplasm":2,"minecraft:gunpowder":21,"minecraft:paper":5,"minecraft:orange_terracotta":2,"minecraft:cooked_mutton":10,"chococraft:chocobo_feather":5,"immersive_armors:warrior_leggings":1,"chococraft:gysahl_green":9,"minecraft:apple":2,"chococraft:gold_gysahl":1,"minecraft:stone_bricks":2,"minecraft:kelp":24,"minecraft:spore_blossom":2,"minecraft:iron_ingot":3,"minecraft:stone_pickaxe":1,"minecraft:cooked_chicken":22,"iceandfire:sea_serpent_scales_deepblue":10,"minecraft:flowering_azalea":3,"minecraft:acacia_sapling":2,"minecraft:book":2,"iceandfire:copper_nugget":524,"iceandfire:ash":3,"born_in_chaos_v1:ethereal_spirit":12,"minecraft:dandelion":4,"minecraft:gravel":1,"born_in_chaos_v1:dark_rod":2,"chococraft:gysahl_green_seeds":4,"botania:lime_mushroom":1,"minecraft:white_bed":20,"minecraft:spider_eye":2,"usefulbackpacks:backpack_large":1,"minecraft:leather_helmet":1,"iceandfire:dragonscales_copper":54,"minecraft:polished_diorite":1,"minecraft:stone_axe":1,"immersive_armors:wooden_chestplate":1,"botania:orange_mystical_flower":2,"minecraft:scute":3,"minecraft:melon_seeds":3,"tombstone:magic_scroll":2,"immersive_armors:heavy_boots":1,"born_in_chaos_v1:spiny_shell_armor_chestplate":1,"minecraft:terracotta":15,"minecraft:baked_potato":1,"minecraft:black_wool":1,"botania:brown_mystical_flower":1,"immersive_armors:wooden_boots":1,"minecraft:coal":156},"minecraft:custom":{"minecraft:interact_with_crafting_table":66,"minecraft:open_barrel":2,"minecraft:bell_ring":4,"minecraft:leave_game":4,"minecraft:time_since_death":21762,"minecraft:damage_resisted":93,"minecraft:sprint_one_cm":1290445,"minecraft:damage_blocked_by_shield":1353,"minecraft:drop":497,"minecraft:talked_to_villager":1,"minecraft:play_time":502728,"minecraft:deaths":29,"minecraft:interact_with_brewingstand":2,"minecraft:jump":12001,"minecraft:walk_on_water_one_cm":140697,"minecraft:interact_with_furnace":80,"minecraft:sleep_in_bed":23,"minecraft:damage_dealt":52606,"minecraft:crouch_one_cm":23928,"tombstone:undead_killed":75,"minecraft:interact_with_smoker":14,"minecraft:inspect_dispenser":53,"minecraft:inspect_dropper":6,"minecraft:mob_kills":320,"minecraft:damage_dealt_resisted":915,"minecraft:climb_one_cm":11999,"minecraft:walk_one_cm":1106260,"minecraft:sneak_time":11455,"minecraft:walk_under_water_one_cm":209346,"minecraft:boat_one_cm":147510,"minecraft:total_world_time":502728,"tombstone:raider_killed":10,"minecraft:time_since_rest":11905,"minecraft:damage_taken":25066,"minecraft:damage_absorbed":272,"minecraft:trigger_trapped_chest":1,"minecraft:swim_one_cm":225990,"minecraft:fly_one_cm":2152443,"minecraft:open_chest":51,"minecraft:fall_one_cm":338868},"minecraft:broken":{"immersive_armors:wither_boots":1,"iceandfire:armor_copper_leggings":1,"minecraft:iron_leggings":1,"born_in_chaos_v1:spiny_shell_armor_helmet":1,"minecraft:stone_pickaxe":1,"iceandfire:armor_copper_boots":1,"minecraft:stone_axe":1,"minecraft:iron_sword":1,"iceandfire:armor_copper_helmet":1,"minecraft:stone_sword":1,"iceandfire:armor_copper_chestplate":1,"minecraft:shield":2,"minecraft:iron_pickaxe":2},"minecraft:killed":{"illagerinvasion:archivist":3,"born_in_chaos_v1:zombie_clown":1,"born_in_chaos_v1:mr_pumpkin":13,"born_in_chaos_v1:zombie_lumberjack":1,"minecraft:spider":11,"illagerinvasion:basher":1,"born_in_chaos_v1:scarlet_persecutor":6,"minecraft:skeleton":19,"minecraft:chicken":6,"illagerinvasion:provoker":4,"majruszsdifficulty:creeperling":3,"minecraft:silverfish":13,"minecraft:pig":18,"born_in_chaos_v1:diamond_termite":8,"minecraft:creeper":6,"iceandfire:cockatrice":5,"minecraft:sheep":8,"minecraft:zombie":24,"born_in_chaos_v1:dread_hound":3,"born_in_chaos_v1:corpse_fly":12,"minecraft:stray":2,"iceandfire:lightning_dragon":2,"iceandfire:sea_serpent":3,"minecraft:cow":15,"chococraft:chocobo":1,"minecraft:vex":3,"minecraft:evoker":1,"illagerinvasion:firecaller":1,"minecraft:vindicator":1,"born_in_chaos_v1:thornshell_crab":6,"born_in_chaos_v1:zombie_bruiser":2,"born_in_chaos_v1:maggot":14,"iceandfire:fire_dragon":1,"minecraft:drowned":7,"born_in_chaos_v1:corpse_fish":7,"born_in_chaos_v1:barrel_zombie":3,"born_in_chaos_v1:fallen_chaos_knight":1,"minecraft:husk":3,"born_in_chaos_v1:felsteed":1,"born_in_chaos_v1:baby_skeleton":1,"born_in_chaos_v1:swarmer":2,"born_in_chaos_v1:spirit_guide_assistant":3,"iceandfire:troll":1,"minecraft:bat":1,"majruszsdifficulty:cursed_armor":1,"born_in_chaos_v1:decrepit_skeleton":5,"born_in_chaos_v1:bloody_gadfly":1,"iceandfire:ghost":1,"born_in_chaos_v1:dark_vortex":2,"minecraft:enderman":1},"minecraft:used":{"minecraft:moss_block":7,"minecraft:moss_carpet":8,"iceandfire:dragon_skull_ice":1,"minecraft:shield":45,"minecraft:iron_sword":635,"chococraft:chocobo_drumstick_cooked":1,"minecraft:milk_bucket":1,"minecraft:big_dripleaf":1,"minecraft:jungle_sapling":2,"minecraft:lava_bucket":75,"iceandfire:crackled_gravel":4,"minecraft:stone_bricks":1,"minecraft:magma_block":1,"iceandfire:armor_amythest_boots":1,"minecraft:bow":54,"minecraft:oak_sapling":4,"minecraft:furnace":17,"minecraft:cooked_cod":5,"minecraft:egg":14,"minecraft:diorite":3,"minecraft:stone_pickaxe":126,"minecraft:oak_planks":11,"minecraft:wooden_pickaxe":9,"botania:orange_mystical_flower":2,"minecraft:golden_apple":1,"minecraft:sand":8,"iceandfire:dragonbone_sword_lightning":424,"minecraft:shears":22,"minecraft:chiseled_sandstone":2,"minecraft:melon_slice":38,"minecraft:bread":149,"born_in_chaos_v1:marigolds":3,"minecraft:gravel":1,"minecraft:lilac":6,"minecraft:oak_boat":1,"minecraft:andesite":5,"minecraft:bone_meal":2,"minecraft:stone_sword":142,"minecraft:cooked_salmon":1,"born_in_chaos_v1:fried_maggot":4,"minecraft:cooked_chicken":25,"minecraft:orange_bed":15,"minecraft:torch":124,"minecraft:dirt":55,"botania:purple_mystical_flower":2,"minecraft:granite":1,"minecraft:brown_terracotta":1,"minecraft:totem_of_undying":1,"iceandfire:tide_deepblue_chestplate":1,"minecraft:golden_carrot":3,"minecraft:beef":2,"tombstone:gift":7,"minecraft:stone_pressure_plate":12,"minecraft:cooked_beef":36,"minecraft:cobbled_deepslate":10,"minecraft:powder_snow_bucket":20,"minecraft:orange_terracotta":1,"minecraft:enchanted_golden_apple":1,"minecraft:light_gray_bed":2,"minecraft:cooked_mutton":7,"minecraft:water_bucket":218,"minecraft:baked_potato":13,"iceandfire:crackled_stone":1,"iceandfire:dragon_skull_lightning":3,"minecraft:mossy_cobblestone":2,"minecraft:terracotta":12,"minecraft:crafting_table":27,"minecraft:white_bed":23,"minecraft:smoker":1,"iceandfire:armor_amythest_helmet":1,"minecraft:apple":3,"iceandfire:dragonbone_sword_fire":231,"minecraft:iron_pickaxe":466,"iceandfire:ash":2,"minecraft:stone_axe":45,"minecraft:cobblestone":210,"minecraft:cooked_porkchop":25,"minecraft:bucket":315,"iceandfire:armor_copper_leggings":1},"minecraft:crafted":{"minecraft:oak_planks":68,"iceandfire:armor_copper_boots":1,"minecraft:cooked_chicken":3,"usefulbackpacks:backpack_small":1,"born_in_chaos_v1:spiny_shell_armor_chestplate":1,"iceandfire:tide_deepblue_chestplate":1,"minecraft:cooked_mutton":3,"immersive_armors:wooden_chestplate":2,"minecraft:glass":3,"minecraft:iron_boots":2,"iceandfire:dragonbone_sword_lightning":1,"immersive_armors:wooden_helmet":2,"born_in_chaos_v1:pileof_dark_metal":3,"minecraft:smoker":1,"minecraft:glass_bottle":6,"minecraft:cooked_porkchop":40,"minecraft:crafting_table":4,"minecraft:iron_helmet":1,"minecraft:baked_potato":12,"immersive_armors:wooden_leggings":2,"iceandfire:armor_copper_leggings":2,"immersive_armors:wooden_boots":2,"iceandfire:armor_copper_chestplate":1,"minecraft:iron_chestplate":1,"minecraft:shield":2,"minecraft:stick":12,"usefulbackpacks:backpack_large":1,"minecraft:iron_ingot":45,"minecraft:iron_pickaxe":2,"minecraft:stone_sword":1,"minecraft:gold_ingot":3,"minecraft:shears":1,"iceandfire:armor_copper_helmet":1,"iceandfire:dragonbone_sword_fire":1,"minecraft:furnace":5,"iceandfire:armor_amythest_helmet":1,"born_in_chaos_v1:pieceofdarkmetal":27,"born_in_chaos_v1:spiny_shell_armor_helmet":1,"born_in_chaos_v1:fried_maggot":2,"usefulbackpacks:backpack_medium":1,"minecraft:wheat":180,"minecraft:cooked_beef":14,"iceandfire:dragonbone_sword":2,"iceandfire:silver_ingot":3,"minecraft:iron_sword":2,"iceandfire:armor_amythest_boots":1,"minecraft:bucket":2,"minecraft:orange_dye":1,"minecraft:bread":68,"minecraft:air":0,"minecraft:oak_boat":1,"minecraft:iron_leggings":2,"minecraft:white_bed":5,"minecraft:orange_bed":1,"minecraft:torch":96},"minecraft:killed_by":{"iceandfire:sea_serpent":1,"iceandfire:lightning_dragon":2},"minecraft:dropped":{"minecraft:iron_sword":1,"minecraft:moss_block":18,"minecraft:lapis_lazuli":52,"minecraft:glow_ink_sac":8,"minecraft:diamond":2,"minecraft:spore_blossom":2,"born_in_chaos_v1:sea_terror_stomach":1,"minecraft:glow_item_frame":1,"minecraft:scute":3,"artifacts:cloud_in_a_bottle":1,"minecraft:leather":38,"minecraft:iron_horse_armor":1,"iceandfire:ectoplasm":3,"born_in_chaos_v1:sea_terror_eye":2,"born_in_chaos_v1:pieceofdarkmetal":15,"minecraft:black_banner":3,"minecraft:item_frame":9,"minecraft:emerald":20,"minecraft:leather_helmet":2,"iceandfire:sea_serpent_scales_teal":5,"minecraft:red_mushroom":2,"minecraft:cod":1,"born_in_chaos_v1:monster_flesh":4,"minecraft:dirt":32,"minecraft:grass":57,"born_in_chaos_v1:spiny_shell_armor_chestplate":2,"born_in_chaos_v1:monster_skin":4,"born_in_chaos_v1:phantom_powder":1,"minecraft:dispenser":1,"immersive_armors:heavy_boots":1,"immersive_armors:wooden_leggings":3,"majruszsdifficulty:tattered_boots":1,"minecraft:snowball":1,"minecraft:jungle_sapling":2,"minecraft:gold_nugget":26,"minecraft:bone_meal":2,"minecraft:sunflower":3,"minecraft:sand":8,"minecraft:iron_pickaxe":1,"immersive_armors:wooden_chestplate":3,"minecraft:white_wool":24,"tombstone:familiar_receptacle":1,"minecraft:gold_ingot":3,"minecraft:bone":79,"minecraft:sugar_cane":4,"minecraft:iron_nugget":10,"minecraft:golden_chestplate":1,"minecraft:cobbled_deepslate":5,"botania:brown_mystical_flower":1,"iceandfire:sea_serpent_scales_deepblue":2,"minecraft:obsidian":1,"minecraft:birch_sapling":2,"minecraft:wheat":4,"immersive_armors:wooden_boots":3,"born_in_chaos_v1:ethereal_spirit":12,"minecraft:beetroot":2,"minecraft:rotten_flesh":37,"minecraft:oak_planks":24,"minecraft:glowstone_dust":2,"iceandfire:troll_leather_mountain":2,"minecraft:azure_bluet":1,"iceandfire:crackled_gravel":13,"minecraft:salmon":1,"patchouli:guide_book":1,"minecraft:poppy":3,"minecraft:leather_chestplate":2,"minecraft:tipped_arrow":1,"born_in_chaos_v1:seedof_chaos":6,"minecraft:gunpowder":24,"minecraft:skeleton_skull":1,"minecraft:chest":1,"born_in_chaos_v1:diamond_termite_shard":8,"minecraft:melon_seeds":2,"minecraft:leather_boots":1,"minecraft:jungle_log":1,"born_in_chaos_v1:corpse_maggot":18,"minecraft:azalea":1,"minecraft:acacia_sapling":2,"minecraft:leather_leggings":2,"minecraft:glass":1,"botania:lime_mushroom":1,"born_in_chaos_v1:marigolds":1,"botania:black_lotus":1,"botania:light_gray_mystical_flower":2,"iceandfire:manuscript":2,"born_in_chaos_v1:dark_rod":2,"tombstone:scroll_of_reach":1,"minecraft:enchanted_book":2,"minecraft:bread":1,"minecraft:iron_ingot":23,"born_in_chaos_v1:intoxicating_decoction":1,"iceandfire:lightning_dragon_blood":5,"minecraft:wheat_seeds":296,"minecraft:golden_helmet":1,"minecraft:cherry_log":1,"chococraft:gold_gysahl":1,"minecraft:mossy_cobblestone":22,"iceandfire:dragonscales_green":2,"minecraft:bookshelf":10,"minecraft:iron_helmet":1,"minecraft:feather":14,"minecraft:prismarine_crystals":4,"minecraft:book":2,"minecraft:observer":8,"chococraft:gysahl_green_seeds":4,"minecraft:copper_ingot":3,"immersive_armors:warrior_leggings":1,"minecraft:tropical_fish":5,"iceandfire:lightning_dragon_flesh":17,"minecraft:stick":4,"minecraft:oxeye_daisy":1,"born_in_chaos_v1:pumpkin_staff":4,"minecraft:diorite":2,"born_in_chaos_v1:river_mint":2,"tombstone:magic_scroll":2,"iceandfire:copper_nugget":524,"minecraft:repeater":17,"minecraft:rose_bush":1,"born_in_chaos_v1:fused_bone":1,"minecraft:map":1,"minecraft:fire_charge":6,"tombstone:grave_dust":6,"minecraft:iron_leggings":1,"artifacts:crystal_heart":1,"minecraft:flowering_azalea":3,"minecraft:paper":15,"minecraft:string":17,"iceandfire:dragon_skull_fire":1,"minecraft:dandelion":4,"iceandfire:dragonbone":64,"minecraft:polished_diorite":1,"minecraft:furnace":2,"minecraft:moss_carpet":4,"minecraft:kelp":24,"iceandfire:troll_weapon_trunk":1,"iceandfire:lightning_dragon_heart":6,"chococraft:chocobo_feather":5,"minecraft:sticky_piston":17,"minecraft:tuff":2,"minecraft:raw_iron":14,"iceandfire:witherbone":12,"born_in_chaos_v1:rotten_fish":23,"minecraft:chicken":1,"born_in_chaos_v1:smoked_monster_flesh":2,"iceandfire:troll_leather_forest":2,"iceandfire:dragonbone_sword_fire":2,"minecraft:clay_ball":38,"minecraft:iron_boots":2,"iceandfire:dragonscales_electric":26,"iceandfire:troll_tusk":1,"minecraft:filled_map":1,"minecraft:orange_terracotta":1,"iceandfire:dragonscales_amythest":3,"minecraft:iron_chestplate":1,"born_in_chaos_v1:spiny_shell":5,"minecraft:mossy_stone_bricks":4,"iceandfire:silver_ingot":3,"minecraft:oak_sapling":6,"minecraft:stone_pressure_plate":2,"minecraft:stone_bricks":1,"minecraft:bamboo":50,"minecraft:bow":3,"iceandfire:fire_dragon_heart":1,"minecraft:wooden_pickaxe":1,"minecraft:raw_gold":6,"iceandfire:sea_serpent_fang":4,"chococraft:gysahl_green":9,"iceandfire:dragon_skull_lightning":1,"immersive_armors:wooden_helmet":3,"minecraft:vex_armor_trim_smithing_template":3,"minecraft:terracotta":3}},"DataVersion":3465}