{"stats":{"minecraft:mined":{"minecraft:stone_pressure_plate":12,"minecraft:white_bed":6,"minecraft:jungle_leaves":1,"minecraft:grass_block":26,"minecraft:infested_cobblestone":24,"minecraft:light_gray_bed":2,"minecraft:cobbled_deepslate":2,"minecraft:iron_ore":29,"minecraft:sticky_piston":15,"minecraft:fire":96,"minecraft:deepslate_lapis_ore":6,"minecraft:azure_bluet":1,"minecraft:azalea":1,"minecraft:orange_bed":14,"minecraft:piston_head":2,"minecraft:torch":5,"minecraft:dead_bush":23,"minecraft:cobblestone":102,"minecraft:sugar_cane":2,"minecraft:wall_torch":5,"minecraft:repeater":17,"iceandfire:crackled_stone":1,"minecraft:wheat":20,"born_in_chaos_v1:river_mint":1,"minecraft:grass":431,"minecraft:oak_log":2,"minecraft:sand":13,"minecraft:dirt":43,"minecraft:dispenser":1,"born_in_chaos_v1:infernal_evil_pumpkin_s":1,"minecraft:oak_leaves":23,"minecraft:deepslate":8,"iceandfire:silver_ore":3,"minecraft:mossy_cobblestone":11,"minecraft:deepslate_diamond_ore":2,"born_in_chaos_v1:infected_diamond_ore":6,"minecraft:hay_block":19,"minecraft:furnace":15,"minecraft:andesite":5,"minecraft:deepslate_iron_ore":28,"minecraft:vine":3,"minecraft:stone":110,"minecraft:glass_pane":2,"born_in_chaos_v1:marigolds":2,"minecraft:observer":6,"minecraft:dandelion":1,"minecraft:crafting_table":14,"minecraft:tall_grass":129,"minecraft:lapis_ore":1,"minecraft:diorite":4,"minecraft:birch_leaves":1,"minecraft:coal_ore":55,"minecraft:gravel":1,"minecraft:stone_bricks":1,"minecraft:mossy_stone_bricks":2,"minecraft:gold_ore":8,"minecraft:fern":8},"minecraft:picked_up":{"minecraft:wheat":20,"minecraft:string":13,"minecraft:cooked_salmon":1,"minecraft:sticky_piston":17,"minecraft:beetroot":2,"minecraft:gold_nugget":18,"minecraft:cobbled_deepslate":15,"minecraft:iron_pickaxe":1,"minecraft:furnace":15,"minecraft:golden_helmet":1,"minecraft:stick":37,"minecraft:big_dripleaf":1,"minecraft:brown_terracotta":1,"born_in_chaos_v1:phantom_powder":1,"minecraft:torch":24,"minecraft:porkchop":18,"iceandfire:lightning_dragon_flesh":15,"iceandfire:crackled_gravel":16,"iceandfire:rotten_egg":2,"minecraft:cherry_log":1,"iceandfire:lightning_dragon_blood":3,"tombstone:grave_dust":2,"minecraft:diorite":5,"minecraft:golden_chestplate":1,"minecraft:orange_bed":14,"born_in_chaos_v1:fried_maggot":2,"minecraft:light_gray_bed":2,"minecraft:rotten_flesh":69,"botania:light_gray_mystical_flower":2,"minecraft:tropical_fish":3,"iceandfire:fire_dragon_heart":1,"chococraft:chocobo_drumstick_cooked":1,"minecraft:cobblestone":268,"minecraft:leather_chestplate":1,"minecraft:feather":18,"minecraft:cooked_beef":19,"minecraft:repeater":17,"minecraft:andesite":5,"minecraft:jungle_log":1,"minecraft:map":1,"minecraft:lapis_lazuli":52,"minecraft:dirt":70,"born_in_chaos_v1:marigolds":5,"minecraft:glass":4,"minecraft:bone":22,"minecraft:bow":1,"minecraft:wheat_seeds":248,"minecraft:raw_gold":8,"botania:purple_mystical_flower":2,"minecraft:mossy_stone_bricks":4,"minecraft:bamboo":38,"minecraft:moss_block":7,"minecraft:oak_planks":23,"iceandfire:dragonscales_amythest":12,"minecraft:cooked_porkchop":3,"iceandfire:dragon_skull_fire":1,"minecraft:sand":28,"iceandfire:lightning_dragon_heart":5,"minecraft:mossy_cobblestone":24,"minecraft:dispenser":1,"minecraft:diamond":2,"artifacts:crystal_heart":1,"iceandfire:crackled_stone":1,"iceandfire:dragonbone_sword_fire":1,"minecraft:granite":1,"minecraft:grass":57,"minecraft:bone_meal":7,"minecraft:emerald":12,"minecraft:bread":71,"iceandfire:troll_leather_forest":2,"minecraft:oak_sapling":7,"born_in_chaos_v1:rotten_fish":15,"iceandfire:raw_silver":3,"iceandfire:dragon_skull_lightning":3,"minecraft:crafting_table":15,"born_in_chaos_v1:diamond_termite_shard":8,"minecraft:azure_bluet":1,"iceandfire:witherbone":9,"born_in_chaos_v1:smoked_monster_flesh":2,"minecraft:chicken":6,"born_in_chaos_v1:river_mint":2,"minecraft:clay_ball":38,"minecraft:leather_leggings":1,"minecraft:brown_mushroom":1,"minecraft:wooden_pickaxe":1,"minecraft:moss_carpet":8,"born_in_chaos_v1:intoxicating_decoction":1,"minecraft:item_frame":9,"minecraft:beef":33,"immersive_armors:wooden_leggings":1,"minecraft:jungle_sapling":3,"minecraft:observer":8,"minecraft:iron_nugget":3,"minecraft:poppy":2,"minecraft:sugar_cane":4,"iceandfire:dragonscales_electric":13,"minecraft:birch_sapling":2,"minecraft:egg":15,"minecraft:raw_iron":57,"iceandfire:dragonscales_green":2,"iceandfire:dragonbone":41,"minecraft:glow_item_frame":1,"minecraft:copper_ingot":2,"botania:pink_mushroom":1,"born_in_chaos_v1:pieceofdarkmetal":4,"minecraft:prismarine_crystals":4,"minecraft:stone_pressure_plate":14,"immersive_armors:wooden_helmet":1,"minecraft:arrow":17,"minecraft:hay_block":20,"born_in_chaos_v1:spiny_shell":16,"minecraft:totem_of_undying":1,"minecraft:mutton":15,"minecraft:white_wool":51,"born_in_chaos_v1:fused_bone":1,"born_in_chaos_v1:corpse_maggot":13,"minecraft:glow_ink_sac":5,"born_in_chaos_v1:pumpkin_staff":4,"minecraft:salmon":2,"minecraft:leather":40,"minecraft:red_mushroom":2,"minecraft:oak_log":65,"iceandfire:ectoplasm":1,"minecraft:gunpowder":16,"minecraft:paper":5,"minecraft:orange_terracotta":2,"chococraft:chocobo_feather":5,"minecraft:stone_bricks":2,"minecraft:kelp":3,"minecraft:iron_ingot":1,"minecraft:stone_pickaxe":1,"minecraft:cooked_chicken":13,"minecraft:acacia_sapling":2,"minecraft:flowering_azalea":2,"minecraft:book":2,"iceandfire:copper_nugget":508,"iceandfire:ash":3,"born_in_chaos_v1:ethereal_spirit":6,"minecraft:dandelion":3,"minecraft:gravel":1,"born_in_chaos_v1:dark_rod":1,"minecraft:white_bed":6,"minecraft:spider_eye":2,"usefulbackpacks:backpack_large":1,"minecraft:leather_helmet":1,"iceandfire:dragonscales_copper":29,"minecraft:stone_axe":1,"immersive_armors:wooden_chestplate":1,"botania:orange_mystical_flower":2,"minecraft:scute":3,"minecraft:baked_potato":1,"born_in_chaos_v1:spiny_shell_armor_chestplate":1,"minecraft:terracotta":15,"minecraft:black_wool":1,"minecraft:coal":142,"immersive_armors:wooden_boots":1},"minecraft:custom":{"minecraft:interact_with_crafting_table":49,"minecraft:open_barrel":2,"minecraft:bell_ring":4,"minecraft:leave_game":3,"minecraft:time_since_death":13740,"minecraft:damage_resisted":93,"minecraft:sprint_one_cm":975604,"minecraft:damage_blocked_by_shield":1353,"minecraft:drop":277,"minecraft:talked_to_villager":1,"minecraft:play_time":358801,"minecraft:deaths":22,"minecraft:jump":8860,"minecraft:walk_on_water_one_cm":86104,"minecraft:interact_with_furnace":78,"minecraft:sleep_in_bed":17,"minecraft:damage_dealt":32490,"minecraft:crouch_one_cm":18047,"tombstone:undead_killed":43,"minecraft:interact_with_smoker":9,"minecraft:inspect_dispenser":53,"minecraft:inspect_dropper":6,"minecraft:mob_kills":208,"minecraft:damage_dealt_resisted":650,"minecraft:climb_one_cm":11343,"minecraft:walk_one_cm":835059,"minecraft:sneak_time":8471,"minecraft:walk_under_water_one_cm":134688,"minecraft:total_world_time":358801,"tombstone:raider_killed":5,"minecraft:time_since_rest":13615,"minecraft:damage_taken":18279,"minecraft:damage_absorbed":272,"minecraft:trigger_trapped_chest":1,"minecraft:swim_one_cm":150211,"minecraft:fly_one_cm":1576876,"minecraft:open_chest":32,"minecraft:fall_one_cm":247283},"minecraft:broken":{"immersive_armors:wither_boots":1,"minecraft:iron_leggings":1,"born_in_chaos_v1:spiny_shell_armor_helmet":1,"minecraft:stone_pickaxe":1,"minecraft:stone_axe":1,"minecraft:iron_sword":1,"iceandfire:armor_copper_helmet":1,"minecraft:stone_sword":1,"minecraft:shield":2,"minecraft:iron_pickaxe":1},"minecraft:killed":{"illagerinvasion:archivist":3,"born_in_chaos_v1:zombie_clown":1,"born_in_chaos_v1:mr_pumpkin":13,"born_in_chaos_v1:zombie_lumberjack":1,"minecraft:spider":10,"born_in_chaos_v1:scarlet_persecutor":2,"minecraft:skeleton":9,"minecraft:chicken":6,"illagerinvasion:provoker":1,"minecraft:silverfish":13,"minecraft:pig":5,"born_in_chaos_v1:diamond_termite":8,"minecraft:creeper":5,"iceandfire:cockatrice":4,"minecraft:sheep":8,"minecraft:zombie":19,"born_in_chaos_v1:corpse_fly":10,"iceandfire:lightning_dragon":2,"minecraft:cow":9,"chococraft:chocobo":1,"minecraft:vindicator":1,"born_in_chaos_v1:thornshell_crab":5,"born_in_chaos_v1:zombie_bruiser":1,"born_in_chaos_v1:maggot":13,"iceandfire:fire_dragon":1,"minecraft:drowned":1,"born_in_chaos_v1:corpse_fish":7,"born_in_chaos_v1:barrel_zombie":3,"born_in_chaos_v1:fallen_chaos_knight":1,"born_in_chaos_v1:felsteed":1,"born_in_chaos_v1:baby_skeleton":1,"born_in_chaos_v1:swarmer":2,"born_in_chaos_v1:spirit_guide_assistant":3,"iceandfire:troll":1,"minecraft:bat":1,"majruszsdifficulty:cursed_armor":1,"born_in_chaos_v1:decrepit_skeleton":1,"born_in_chaos_v1:dark_vortex":1,"minecraft:enderman":1},"minecraft:used":{"minecraft:moss_block":7,"minecraft:moss_carpet":8,"minecraft:shield":45,"minecraft:iron_sword":635,"chococraft:chocobo_drumstick_cooked":1,"minecraft:milk_bucket":1,"minecraft:big_dripleaf":1,"minecraft:jungle_sapling":2,"minecraft:lava_bucket":57,"iceandfire:crackled_gravel":4,"minecraft:stone_bricks":1,"minecraft:bow":54,"minecraft:furnace":17,"minecraft:oak_sapling":4,"minecraft:egg":11,"minecraft:diorite":3,"minecraft:stone_pickaxe":126,"minecraft:oak_planks":11,"minecraft:wooden_pickaxe":9,"botania:orange_mystical_flower":2,"minecraft:golden_apple":1,"minecraft:sand":7,"iceandfire:dragonbone_sword_lightning":205,"minecraft:shears":22,"minecraft:bread":110,"born_in_chaos_v1:marigolds":3,"minecraft:gravel":1,"minecraft:andesite":5,"minecraft:bone_meal":2,"minecraft:stone_sword":142,"minecraft:cooked_salmon":1,"born_in_chaos_v1:fried_maggot":4,"minecraft:cooked_chicken":16,"minecraft:orange_bed":15,"minecraft:torch":102,"minecraft:dirt":55,"botania:purple_mystical_flower":2,"minecraft:granite":1,"minecraft:brown_terracotta":1,"minecraft:totem_of_undying":1,"minecraft:golden_carrot":3,"minecraft:beef":2,"tombstone:gift":3,"minecraft:stone_pressure_plate":12,"minecraft:cooked_beef":32,"minecraft:cobbled_deepslate":10,"minecraft:orange_terracotta":1,"minecraft:enchanted_golden_apple":1,"minecraft:light_gray_bed":2,"minecraft:cooked_mutton":3,"minecraft:water_bucket":151,"minecraft:baked_potato":13,"iceandfire:crackled_stone":1,"iceandfire:dragon_skull_lightning":2,"minecraft:mossy_cobblestone":2,"minecraft:terracotta":12,"minecraft:crafting_table":19,"minecraft:white_bed":7,"iceandfire:armor_amythest_helmet":1,"minecraft:apple":1,"iceandfire:dragonbone_sword_fire":17,"minecraft:iron_pickaxe":402,"iceandfire:ash":2,"minecraft:stone_axe":45,"minecraft:cobblestone":174,"minecraft:cooked_porkchop":17,"minecraft:bucket":209},"minecraft:crafted":{"minecraft:oak_planks":52,"iceandfire:armor_copper_boots":1,"minecraft:cooked_chicken":3,"usefulbackpacks:backpack_small":1,"born_in_chaos_v1:spiny_shell_armor_chestplate":1,"minecraft:cooked_mutton":3,"immersive_armors:wooden_chestplate":2,"minecraft:glass":3,"iceandfire:dragonbone_sword_lightning":1,"minecraft:iron_boots":2,"immersive_armors:wooden_helmet":2,"minecraft:glass_bottle":6,"minecraft:cooked_porkchop":15,"minecraft:crafting_table":4,"minecraft:iron_helmet":1,"minecraft:baked_potato":12,"immersive_armors:wooden_leggings":2,"iceandfire:armor_copper_leggings":1,"immersive_armors:wooden_boots":2,"iceandfire:armor_copper_chestplate":1,"minecraft:iron_chestplate":1,"minecraft:shield":2,"minecraft:stick":12,"usefulbackpacks:backpack_large":1,"minecraft:iron_ingot":45,"minecraft:iron_pickaxe":1,"minecraft:stone_sword":1,"minecraft:gold_ingot":3,"minecraft:shears":1,"iceandfire:armor_copper_helmet":1,"iceandfire:dragonbone_sword_fire":1,"minecraft:furnace":4,"iceandfire:armor_amythest_helmet":1,"born_in_chaos_v1:spiny_shell_armor_helmet":1,"born_in_chaos_v1:fried_maggot":2,"usefulbackpacks:backpack_medium":1,"minecraft:wheat":180,"minecraft:cooked_beef":14,"iceandfire:dragonbone_sword":2,"iceandfire:silver_ingot":3,"minecraft:iron_sword":2,"minecraft:bucket":2,"minecraft:orange_dye":1,"minecraft:bread":68,"minecraft:air":0,"minecraft:iron_leggings":2,"minecraft:white_bed":2,"minecraft:orange_bed":1,"minecraft:torch":96},"minecraft:killed_by":{"iceandfire:lightning_dragon":2},"minecraft:dropped":{"minecraft:iron_sword":1,"minecraft:glow_ink_sac":5,"minecraft:glow_item_frame":1,"minecraft:scute":3,"minecraft:leather":9,"iceandfire:ectoplasm":2,"born_in_chaos_v1:pieceofdarkmetal":1,"minecraft:leather_helmet":2,"minecraft:dirt":3,"born_in_chaos_v1:spiny_shell_armor_chestplate":2,"born_in_chaos_v1:phantom_powder":1,"minecraft:dispenser":1,"immersive_armors:wooden_leggings":3,"minecraft:jungle_sapling":1,"minecraft:bone_meal":1,"minecraft:sunflower":3,"minecraft:sand":8,"immersive_armors:wooden_chestplate":3,"tombstone:familiar_receptacle":1,"minecraft:bone":3,"minecraft:sugar_cane":4,"minecraft:iron_nugget":4,"minecraft:golden_chestplate":1,"minecraft:cobbled_deepslate":5,"minecraft:birch_sapling":2,"minecraft:wheat":2,"immersive_armors:wooden_boots":3,"born_in_chaos_v1:ethereal_spirit":6,"minecraft:beetroot":2,"minecraft:rotten_flesh":11,"minecraft:oak_planks":23,"minecraft:azure_bluet":1,"iceandfire:crackled_gravel":12,"minecraft:salmon":1,"patchouli:guide_book":1,"minecraft:poppy":2,"minecraft:leather_chestplate":2,"minecraft:gunpowder":19,"minecraft:jungle_log":1,"born_in_chaos_v1:corpse_maggot":13,"minecraft:acacia_sapling":2,"minecraft:leather_leggings":2,"minecraft:glass":1,"born_in_chaos_v1:dark_rod":1,"botania:black_lotus":1,"born_in_chaos_v1:marigolds":1,"botania:light_gray_mystical_flower":2,"iceandfire:manuscript":2,"minecraft:iron_ingot":1,"minecraft:bread":1,"iceandfire:lightning_dragon_blood":4,"minecraft:wheat_seeds":70,"minecraft:golden_helmet":1,"minecraft:cherry_log":1,"minecraft:mossy_cobblestone":22,"iceandfire:dragonscales_green":1,"minecraft:iron_helmet":1,"minecraft:feather":5,"minecraft:prismarine_crystals":4,"minecraft:observer":8,"minecraft:copper_ingot":2,"minecraft:tropical_fish":3,"iceandfire:lightning_dragon_flesh":3,"minecraft:stick":4,"born_in_chaos_v1:pumpkin_staff":3,"born_in_chaos_v1:river_mint":2,"minecraft:diorite":2,"iceandfire:copper_nugget":508,"minecraft:repeater":17,"born_in_chaos_v1:fused_bone":1,"minecraft:map":1,"tombstone:grave_dust":3,"minecraft:iron_leggings":1,"artifacts:crystal_heart":1,"minecraft:flowering_azalea":2,"minecraft:paper":3,"minecraft:dandelion":3,"minecraft:furnace":1,"minecraft:kelp":3,"iceandfire:lightning_dragon_heart":2,"iceandfire:witherbone":3,"minecraft:raw_iron":1,"born_in_chaos_v1:rotten_fish":8,"minecraft:chicken":1,"iceandfire:troll_leather_forest":2,"born_in_chaos_v1:smoked_monster_flesh":2,"iceandfire:dragonbone_sword_fire":1,"minecraft:clay_ball":38,"minecraft:iron_boots":2,"minecraft:orange_terracotta":1,"minecraft:iron_chestplate":1,"born_in_chaos_v1:spiny_shell":3,"minecraft:mossy_stone_bricks":4,"minecraft:oak_sapling":3,"minecraft:stone_pressure_plate":2,"minecraft:stone_bricks":1,"minecraft:bamboo":38,"minecraft:wooden_pickaxe":1,"minecraft:vex_armor_trim_smithing_template":2,"immersive_armors:wooden_helmet":3,"iceandfire:dragon_skull_lightning":1,"minecraft:terracotta":3}},"DataVersion":3465}